feature,sigmoidal
ENSG00000000003,0.6909195886085056
ENSG00000000005,0.7406207722459301
ENSG00000000419,0.8163833487781559
ENSG00000000457,0.6436148913692671
ENSG00000000460,0.778801718491666
ENSG00000000938,0.33621958631113535
ENSG00000000971,0.21131507111046688
ENSG00000001036,0.18454591145306298
ENSG00000001084,0.7184522170702934
ENSG00000001167,0.309487920380797
ENSG00000001460,0.7849366277257109
ENSG00000001461,0.62377112667325
ENSG00000001497,0.7693834383786105
ENSG00000001561,0.2571993927488826
ENSG00000001617,0.3564975914629105
ENSG00000001626,0.6645095589448428
ENSG00000001629,0.3821393402822506
ENSG00000001630,0.06111478018657224
ENSG00000001631,0.1428095848107399
ENSG00000002016,0.14978792922472017
ENSG00000002079,0.4431418444210167
ENSG00000002330,0.37772564773259143
ENSG00000002549,0.8823573802990095
ENSG00000002586,0.5974398069395539
ENSG00000002587,0.626853518529995
ENSG00000002726,0.6646278441084932
ENSG00000002745,0.32867845599054357
ENSG00000002746,0.040260343521861364
ENSG00000002822,0.20391009604270638
ENSG00000002834,0.558830378286155
ENSG00000002919,0.41872536555258977
ENSG00000002933,0.8976643613262459
ENSG00000003056,0.3863842539298513
ENSG00000003096,0.4972203694010996
ENSG00000003137,0.3585625199421152
ENSG00000003147,0.15689035162600262
ENSG00000003249,0.15067240929964687
ENSG00000003393,0.8832085401912995
ENSG00000003400,0.5549869293580179
ENSG00000003402,0.15313480981253424
ENSG00000003436,0.3367326683557428
ENSG00000003509,0.5397891276522988
ENSG00000003756,0.24572490212940112
ENSG00000003987,0.35583252365669504
ENSG00000003989,0.5847656006520743
ENSG00000004059,0.9603348279878912
ENSG00000004139,0.22808315662051015
ENSG00000004142,0.4152320232017337
ENSG00000004399,0.7249819391728531
ENSG00000004455,0.6121092427117315
ENSG00000004468,0.6854822634141934
ENSG00000004478,0.06714276165003252
ENSG00000004487,0.162060221841677
ENSG00000004534,0.16996546352844621
ENSG00000004660,0.11892597907696545
ENSG00000004700,0.566465456702077
ENSG00000004766,0.2801487984365122
ENSG00000004776,0.8801255724269551
ENSG00000004777,0.3498985655761506
ENSG00000004779,0.13787452462713057
ENSG00000004799,0.2949734663603578
ENSG00000004809,0.4083558910243814
ENSG00000004838,0.45049970006749407
ENSG00000004848,0.49208414306787907
ENSG00000004864,0.7703582426134069
ENSG00000004866,0.23364475474130575
ENSG00000004897,0.8334768192074317
ENSG00000004948,0.13664691987903987
ENSG00000004961,0.14593309344970462
ENSG00000004975,0.1430500633392615
ENSG00000005001,0.5661757119958886
ENSG00000005007,0.5028185975583006
ENSG00000005020,0.2519328725221658
ENSG00000005022,0.09951284827367146
ENSG00000005059,0.7582710284937585
ENSG00000005073,0.6096826306339245
ENSG00000005075,0.41734656465515907
ENSG00000005100,0.30929461261367175
ENSG00000005102,0.34953818326536323
ENSG00000005108,0.24271224485042875
ENSG00000005156,0.2982989932310395
ENSG00000005175,0.2905159987853905
ENSG00000005187,0.22046533549876324
ENSG00000005189,0.43263023396829714
ENSG00000005194,0.724204253176018
ENSG00000005206,0.2964669954366025
ENSG00000005238,0.4514776679303888
ENSG00000005243,0.32938020692492076
ENSG00000005249,0.6487304313804625
ENSG00000005302,0.4064401699466186
ENSG00000005339,0.48843912641510545
ENSG00000005379,0.6466889059473437
ENSG00000005381,0.34685349598872817
ENSG00000005421,0.4370721547792781
ENSG00000005436,0.6785659973354292
ENSG00000005448,0.8965907349212353
ENSG00000005469,0.41946846029293094
ENSG00000005471,0.17649735537936884
ENSG00000005483,0.4507450106286951
ENSG00000005486,0.5255531352407732
ENSG00000005513,0.6476541703123885
ENSG00000005700,0.911081315124767
ENSG00000005801,0.3648695031125795
ENSG00000005810,0.24702893363678713
ENSG00000005812,0.23225649549779437
ENSG00000005844,0.6251911570803845
ENSG00000005882,0.6382638138224905
ENSG00000005884,0.447715773282678
ENSG00000005889,0.13098427041513372
ENSG00000005893,0.6528203483204309
ENSG00000005961,0.2175043398345835
ENSG00000005981,0.5320095814324646
ENSG00000006007,0.2825991044928696
ENSG00000006015,0.14233138928533506
ENSG00000006016,
ENSG00000006025,0.21807317666952364
ENSG00000006042,0.6915816488067736
ENSG00000006047,0.16689836347096387
ENSG00000006062,0.1738574772515461
ENSG00000006071,0.5987421917481686
ENSG00000006118,0.24541242697149723
ENSG00000006125,0.5164916007723304
ENSG00000006128,0.6944807259510745
ENSG00000006194,0.6445285002107128
ENSG00000006210,0.8258565924735458
ENSG00000006282,0.11515592204267511
ENSG00000006283,0.2036037329707706
ENSG00000006327,0.3415254081104928
ENSG00000006377,0.4056230039710168
ENSG00000006432,0.6283972631031004
ENSG00000006451,
ENSG00000006453,0.21328302184552927
ENSG00000006459,0.6128610587330645
ENSG00000006468,0.9642121501760259
ENSG00000006530,0.7497925738773796
ENSG00000006534,0.32428394863845655
ENSG00000006555,0.2643507787109164
ENSG00000006576,0.19040138469490486
ENSG00000006606,0.24455126985182019
ENSG00000006607,0.2533447775895379
ENSG00000006611,0.24084380312056985
ENSG00000006625,0.2720538494435174
ENSG00000006634,0.45449533781630946
ENSG00000006638,0.04324276894893375
ENSG00000006652,0.22018410026018675
ENSG00000006695,0.31478101321199325
ENSG00000006704,0.4996129416209165
ENSG00000006712,0.7832780587513986
ENSG00000006715,0.47127024941069795
ENSG00000006740,0.7627539151569943
ENSG00000006744,0.5253879424537811
ENSG00000006747,0.4265437379481536
ENSG00000006756,0.05696859339814342
ENSG00000006757,0.5014290974646891
ENSG00000006788,0.39209447382336804
ENSG00000006831,0.007897821061541577
ENSG00000006837,0.15241853788301352
ENSG00000007038,0.45534492196071297
ENSG00000007047,0.35341309534907706
ENSG00000007062,0.8757582825575888
ENSG00000007080,0.21253884224282815
ENSG00000007129,0.49681538716012963
ENSG00000007168,0.7139044445918576
ENSG00000007171,0.6736659344177143
ENSG00000007174,0.5401658847100278
ENSG00000007202,0.3651979141236402
ENSG00000007216,0.8323848691210374
ENSG00000007237,3.127279820047679e-05
ENSG00000007255,0.20919267838901745
ENSG00000007264,0.6862417584382443
ENSG00000007306,0.5197132275847338
ENSG00000007312,0.17324666333251937
ENSG00000007314,0.5367510566595803
ENSG00000007341,0.23700854820473838
ENSG00000007350,0.42790531473900295
ENSG00000007372,0.9303203524239015
ENSG00000007376,0.7821764358582863
ENSG00000007384,0.93099597350156
ENSG00000007392,0.3430071869277642
ENSG00000007402,0.6210431914577124
ENSG00000007516,0.0016625824093445818
ENSG00000007520,0.35434928295612234
ENSG00000007541,0.23247188283162856
ENSG00000007545,0.27729240155282187
ENSG00000007866,0.7191983128925743
ENSG00000007908,0.2109366787668394
ENSG00000007923,0.48952481842991147
ENSG00000007933,0.2446341498088036
ENSG00000007944,0.528442352785425
ENSG00000007952,0.6064591200060317
ENSG00000007968,0.4363576307132544
ENSG00000008018,0.23599035304681482
ENSG00000008056,0.7322799142004373
ENSG00000008083,0.49801778469073554
ENSG00000008086,0.4387908001043389
ENSG00000008118,0.38069028585645315
ENSG00000008128,0.5185597083213458
ENSG00000008130,0.31617297933333544
ENSG00000008226,0.0001345626067912331
ENSG00000008256,0.5695573407496264
ENSG00000008277,0.4976109699605532
ENSG00000008282,0.6589308913336024
ENSG00000008283,0.7827949101042693
ENSG00000008294,0.40179603608630043
ENSG00000008300,0.23527774103948396
ENSG00000008311,0.2849052774189499
ENSG00000008323,0.6831952114333341
ENSG00000008324,0.4242933687584549
ENSG00000008382,0.4005244918210812
ENSG00000008394,0.8239890064532528
ENSG00000008405,0.07446511990500915
ENSG00000008438,0.33777295665618723
ENSG00000008441,0.41301772112321244
ENSG00000008513,0.8752606868796002
ENSG00000008516,5.126851816283917e-05
ENSG00000008517,0.19842750078245497
ENSG00000008710,0.1551258405403394
ENSG00000008735,2.9022305232051515e-05
ENSG00000008838,0.46903127191309457
ENSG00000008853,0.6063103871012052
ENSG00000008869,0.0003192005953884802
ENSG00000008952,0.017153294402355468
ENSG00000008988,0.09443336564293248
ENSG00000009307,0.31793491355771
ENSG00000009335,0.23438814676858066
ENSG00000009413,0.3639761737807625
ENSG00000009694,0.3610139163695918
ENSG00000009724,0.00014981907575462028
ENSG00000009765,0.7342404295678451
ENSG00000009780,0.6471661908050053
ENSG00000009790,0.4121536354372174
ENSG00000009830,0.7797204325318822
ENSG00000009844,0.30122468785026557
ENSG00000009950,0.5116033893468501
ENSG00000009954,1.2778335188534662e-05
ENSG00000010017,0.3503794533853194
ENSG00000010030,0.5282052902897627
ENSG00000010072,0.6691543844099783
ENSG00000010165,0.6688641781455265
ENSG00000010219,0.7150557370479589
ENSG00000010244,0.6607217042481671
ENSG00000010256,0.14225393848704382
ENSG00000010270,0.5872757702754605
ENSG00000010278,0.4897143579409554
ENSG00000010292,0.1745909388229745
ENSG00000010295,0.09055802743005337
ENSG00000010310,0.4112638894045755
ENSG00000010318,0.38645022888489733
ENSG00000010319,0.1509481032997606
ENSG00000010322,0.2676040876122997
ENSG00000010327,0.07431694844412828
ENSG00000010361,0.36702882657672364
ENSG00000010404,0.7134804665216834
ENSG00000010438,0.7884433617621265
ENSG00000010539,0.2524541448576716
ENSG00000010610,0.5348384547834902
ENSG00000010626,0.34838073840561945
ENSG00000010671,0.4118386434720738
ENSG00000010704,0.9350500472797443
ENSG00000010803,0.18673306164803705
ENSG00000010810,0.8344045682438475
ENSG00000010818,0.35192613297404973
ENSG00000010932,0.10604137419693382
ENSG00000011007,0.825432164894156
ENSG00000011009,0.10094210419093796
ENSG00000011021,0.1610989198377486
ENSG00000011028,0.2157884952851271
ENSG00000011052,0.5374015420433825
ENSG00000011083,0.1304429312406955
ENSG00000011105,0.647666045963861
ENSG00000011114,0.6469050128347565
ENSG00000011132,0.5551431278943963
ENSG00000011143,0.4607464818910789
ENSG00000011198,0.11686665112077477
ENSG00000011201,0.11285523294668165
ENSG00000011243,0.44576953839434297
ENSG00000011258,0.512000916249258
ENSG00000011260,2.1015265051271825e-05
ENSG00000011275,0.36505850925992533
ENSG00000011295,0.4531683980340079
ENSG00000011304,0.015658371528526338
ENSG00000011332,0.5851662719744031
ENSG00000011347,0.91175919972085
ENSG00000011376,0.45340135888194166
ENSG00000011405,0.2019299001976178
ENSG00000011422,0.7710021503360626
ENSG00000011426,0.47526906109548295
ENSG00000011451,0.4538170990152294
ENSG00000011454,0.41909315948031645
ENSG00000011465,0.38487967003984813
ENSG00000011478,0.7028084723118528
ENSG00000011485,0.20999141023718604
ENSG00000011523,0.6372078924856428
ENSG00000011566,0.5172202926650942
ENSG00000011590,0.4157472854558658
ENSG00000011600,0.39287480004418407
ENSG00000011638,0.5686033498101435
ENSG00000012048,0.6610208801149136
ENSG00000012061,
ENSG00000012124,0.4188551540008264
ENSG00000012171,0.17967372698145978
ENSG00000012174,0.47131735439504285
ENSG00000012211,0.7521951123188324
ENSG00000012223,0.3250120624257543
ENSG00000012232,0.6295131238736174
ENSG00000012504,0.5717706606073392
ENSG00000012660,0.5506089709757269
ENSG00000012779,0.7233533184283449
ENSG00000012817,0.21351159046707358
ENSG00000012822,0.6033011240869779
ENSG00000012963,0.8633556634335398
ENSG00000012983,0.5775350887031856
ENSG00000013016,0.6481589374686842
ENSG00000013275,0.48776862901544793
ENSG00000013288,0.34503584265487774
ENSG00000013297,0.8287643371908546
ENSG00000013306,0.08926783631858382
ENSG00000013364,0.0006459114677392908
ENSG00000013374,0.3734330605598657
ENSG00000013375,0.8112413908497871
ENSG00000013392,0.1737444964074396
ENSG00000013441,0.5920152954848734
ENSG00000013503,0.6152207414912805
ENSG00000013523,0.5199086074209012
ENSG00000013561,0.2687753952420545
ENSG00000013563,0.16014730699202917
ENSG00000013573,0.5447827914292998
ENSG00000013583,0.700401899584485
ENSG00000013588,0.515645935161618
ENSG00000013619,0.08926415612896665
ENSG00000013725,0.32288923398186664
ENSG00000013810,0.4367228331530486
ENSG00000014123,0.0010724682517594397
ENSG00000014138,0.16786302018438037
ENSG00000014164,0.7554712313397401
ENSG00000014216,0.18398936634572982
ENSG00000014257,0.641828818338905
ENSG00000014641,0.7789827040458162
ENSG00000014824,0.8057325734355295
ENSG00000014914,0.40005329785723753
ENSG00000014919,0.7272662106492315
ENSG00000015133,0.3834922385212989
ENSG00000015153,0.48179944084889814
ENSG00000015171,0.583353591878923
ENSG00000015285,0.4965241303643183
ENSG00000015413,-3.716582597235174e-12
ENSG00000015475,0.5655742452585484
ENSG00000015479,0.4118665366511203
ENSG00000015520,0.19238928077416784
ENSG00000015532,0.5058810146923436
ENSG00000015676,0.9379920627068257
ENSG00000016082,0.06342175258103455
ENSG00000016391,0.4238928115091004
ENSG00000016402,0.4031806839108456
ENSG00000016490,0.18797581857591106
ENSG00000016602,0.23488281408383294
ENSG00000016864,0.2184232614253847
ENSG00000017260,0.24255523179783345
ENSG00000017427,0.6024915114417613
ENSG00000017483,0.6251146906168574
ENSG00000017797,0.6352176104064623
ENSG00000018189,0.9373797551335691
ENSG00000018236,0.298330367765162
ENSG00000018280,0.22514225584123815
ENSG00000018408,0.14675963551843751
ENSG00000018510,0.4009165873549799
ENSG00000018610,0.8350405814204154
ENSG00000018625,0.3348575865112201
ENSG00000018699,0.350039745721327
ENSG00000018869,0.6886898214985955
ENSG00000019102,0.15406092119466586
ENSG00000019144,0.2517886293239132
ENSG00000019169,0.25330339135773805
ENSG00000019186,0.6867399918311181
ENSG00000019485,0.9027491460039496
ENSG00000019505,0.3449159926782286
ENSG00000019549,0.2222869385119387
ENSG00000019582,0.511000887465024
ENSG00000019991,0.6666126800484846
ENSG00000019995,0.7168011512976022
ENSG00000020129,0.21228744762878515
ENSG00000020181,0.4969819292812273
ENSG00000020256,0.7579880900378232
ENSG00000020426,0.5655445253704818
ENSG00000020577,0.8020921788094011
ENSG00000020633,0.2698139258268446
ENSG00000020922,0.6292598040593562
ENSG00000021300,0.9070603281896029
ENSG00000021355,0.8945638372360226
ENSG00000021488,0.7451737092507094
ENSG00000021574,0.17869255207822055
ENSG00000021645,0.7138632744276665
ENSG00000021762,0.21025365394317486
ENSG00000021776,0.6273032577120217
ENSG00000021826,0.4968189151402077
ENSG00000022267,0.8866279600194046
ENSG00000022277,0.8478491113577054
ENSG00000022556,0.12611497038512642
ENSG00000022567,0.4736333466344922
ENSG00000022840,0.401361170072151
ENSG00000022976,0.8009954960260659
ENSG00000023041,0.2737039670116713
ENSG00000023171,0.6117876699076799
ENSG00000023191,0.40915243238707744
ENSG00000023228,0.5739877221461362
ENSG00000023287,0.6860949169128427
ENSG00000023318,0.6235793473233868
ENSG00000023330,0.6717730036879105
ENSG00000023445,0.6017617518787397
ENSG00000023516,0.6479968778107942
ENSG00000023572,0.30326016377699505
ENSG00000023608,0.3906946385036304
ENSG00000023697,0.16389852153564366
ENSG00000023734,0.45443730743934274
ENSG00000023839,0.3295554166539937
ENSG00000023892,0.39342494376592474
ENSG00000023902,0.44659510182792217
ENSG00000023909,0.3944626601194804
ENSG00000024048,0.5166504130818874
ENSG00000024422,0.36260355472922146
ENSG00000024526,0.6513391368667387
ENSG00000024862,0.08012999962547218
ENSG00000025039,0.20236150724871171
ENSG00000025156,0.3225409418304874
ENSG00000025293,0.6565380642060035
ENSG00000025423,0.8921643023510917
ENSG00000025434,0.09276849858358405
ENSG00000025708,0.6428803633650544
ENSG00000025770,0.0018589185966488841
ENSG00000025772,0.798949322714701
ENSG00000025796,0.2157168128707989
ENSG00000025800,0.8554173800799667
ENSG00000026025,0.16155458099270537
ENSG00000026036,0.21095172944839546
ENSG00000026103,0.6427393005819304
ENSG00000026297,0.09205715592199348
ENSG00000026508,0.7595474879545929
ENSG00000026559,0.7399236447493892
ENSG00000026652,0.6783488273003823
ENSG00000026751,0.5684516435083222
ENSG00000026950,0.496516084950533
ENSG00000027001,0.6135265909929679
ENSG00000027075,0.003116471321713443
ENSG00000027644,0.22945149799830988
ENSG00000027697,0.5761116377661653
ENSG00000027847,0.11616267811783454
ENSG00000027869,0.29915240771209306
ENSG00000028116,0.6693749668635882
ENSG00000028137,0.22131368797407236
ENSG00000028203,0.8124370108060388
ENSG00000028277,0.3590810118547846
ENSG00000028310,0.149594051871636
ENSG00000028528,0.8564779655683723
ENSG00000028839,0.42210405943779716
ENSG00000029153,0.9691160650940613
ENSG00000029363,0.6461651495192909
ENSG00000029364,0.4788165614912069
ENSG00000029534,0.48772849359825443
ENSG00000029559,0.8611544448295001
ENSG00000029639,0.4545954302624383
ENSG00000029725,0.5009076913729499
ENSG00000029993,0.8005343685492633
ENSG00000030066,0.735363266343888
ENSG00000030110,0.9380310572681599
ENSG00000030304,0.7615668703052584
ENSG00000030419,0.5518160734192188
ENSG00000030582,0.3979727047515763
ENSG00000031003,0.31019739746618413
ENSG00000031081,0.25937828161311793
ENSG00000031691,0.5705604509213571
ENSG00000031698,0.14881740066327842
ENSG00000031823,0.4742900869376553
ENSG00000032219,0.5106855737594677
ENSG00000032389,0.07441949674619563
ENSG00000032444,0.7057739515177355
ENSG00000032742,0.6120298595850057
ENSG00000033011,0.7130714126239159
ENSG00000033030,0.9101790435563439
ENSG00000033050,0.8030184281311179
ENSG00000033100,0.22630639936324626
ENSG00000033122,0.3959055102972473
ENSG00000033170,0.9129439755923429
ENSG00000033178,0.3852869336129222
ENSG00000033327,0.29976595079223334
ENSG00000033627,0.5990198066728354
ENSG00000033800,0.7735089596626268
ENSG00000033867,0.3659793387734096
ENSG00000034053,0.43859231671544874
ENSG00000034152,0.7252145538828261
ENSG00000034239,0.5202924538607857
ENSG00000034510,0.41503547386532735
ENSG00000034533,0.6458173105666984
ENSG00000034677,0.050526634762578126
ENSG00000034693,0.20177745389705581
ENSG00000034713,0.014121536583886374
ENSG00000035115,0.02981404095086404
ENSG00000035141,0.694420260332492
ENSG00000035403,0.695884183650519
ENSG00000035499,0.6994079996063371
ENSG00000035664,0.5414356400600131
ENSG00000035681,0.2899686363025601
ENSG00000035687,0.3176982628574142
ENSG00000035720,0.332864113029013
ENSG00000035862,0.06705067808289455
ENSG00000035928,0.4358820669729512
ENSG00000036054,0.14999719084384822
ENSG00000036257,0.6696424014677
ENSG00000036448,0.2394540644385278
ENSG00000036473,0.23616595771402704
ENSG00000036530,0.35039592967038635
ENSG00000036549,0.27556710419971253
ENSG00000036565,0.3720089211767318
ENSG00000036672,0.816129997159056
ENSG00000037042,0.41243162735252137
ENSG00000037241,0.23081499084589918
ENSG00000037280,0.3753365618087561
ENSG00000037474,0.3616430814520867
ENSG00000037637,0.8611970003442884
ENSG00000037749,0.29073537523845505
ENSG00000037757,-3.362501388437522e-10
ENSG00000037897,0.6455742726545517
ENSG00000038002,0.42320096855227385
ENSG00000038210,0.9163739022343066
ENSG00000038219,0.2919733372961528
ENSG00000038274,0.6778662603897472
ENSG00000038295,0.40219214921167135
ENSG00000038358,0.37552667250006044
ENSG00000038382,0.45318547000167586
ENSG00000038427,0.21440405313384125
ENSG00000038532,0.02165473533215112
ENSG00000038945,0.5324606241754667
ENSG00000039068,0.278608414682214
ENSG00000039123,0.38889619866735836
ENSG00000039139,0.8675621190196787
ENSG00000039319,0.26786783785121704
ENSG00000039523,0.1940616606364366
ENSG00000039537,0.295469511574619
ENSG00000039560,0.301431139506374
ENSG00000039600,0.12263280149664146
ENSG00000039650,0.5194172978079256
ENSG00000039987,0.7775077540278506
ENSG00000040199,0.14230575537967372
ENSG00000040275,0.35830670016393396
ENSG00000040341,0.29685946947889863
ENSG00000040487,1.6734546394059358e-05
ENSG00000040531,0.45557418131039973
ENSG00000040608,2.534380903251865e-06
ENSG00000040633,0.9067238734752273
ENSG00000040933,0.29353305659877094
ENSG00000041353,0.7702873241172828
ENSG00000041357,0.490375938879019
ENSG00000041515,0.21206197954096107
ENSG00000041802,0.8526673565201921
ENSG00000041880,0.21813154459613004
ENSG00000041982,0.23968244124716032
ENSG00000041988,0.26526269827958693
ENSG00000042062,0.47082600088285886
ENSG00000042088,0.5434834149886887
ENSG00000042286,0.22221777328871295
ENSG00000042317,0.429979403835997
ENSG00000042429,0.335319153573735
ENSG00000042445,0.8347830061673797
ENSG00000042493,0.1984707427405571
ENSG00000042753,0.14673524397718274
ENSG00000042781,0.5902486775193005
ENSG00000042832,0.7075795341077039
ENSG00000042980,0.8424383340816652
ENSG00000043039,0.8084381855635555
ENSG00000043093,0.5150580025689223
ENSG00000043143,0.4140187061036682
ENSG00000043355,0.9293662367654089
ENSG00000043462,0.4776507562630594
ENSG00000043514,0.003567246852991035
ENSG00000043591,0.8840921884814469
ENSG00000044012,0.06764463779448315
ENSG00000044090,0.4364643933270732
ENSG00000044115,0.37381293385300784
ENSG00000044446,0.009973293717138731
ENSG00000044459,0.939536742045217
ENSG00000044524,0.812962869592325
ENSG00000044574,0.9052341164654063
ENSG00000046604,0.7836474604523554
ENSG00000046647,0.34698378414853626
ENSG00000046651,0.2804658061238511
ENSG00000046653,0.7411145461768314
ENSG00000046889,
ENSG00000047056,0.33649151045365555
ENSG00000047188,0.5758741450368097
ENSG00000047230,0.23546165603874947
ENSG00000047249,0.44421791961468493
ENSG00000047315,0.3322398515568161
ENSG00000047346,0.47983040472966476
ENSG00000047365,0.7248710248347691
ENSG00000047410,0.39729249731183014
ENSG00000047457,0.10898451446176238
ENSG00000047578,0.7650449831901603
ENSG00000047579,0.20928883887902405
ENSG00000047597,0.1826243573266949
ENSG00000047617,0.36762388049172334
ENSG00000047621,0.17877672220267815
ENSG00000047634,0.6583165673881544
ENSG00000047644,0.3647386553450497
ENSG00000047648,0.18668400625993264
ENSG00000047662,0.21762352136675045
ENSG00000047849,0.26818704650200387
ENSG00000047932,0.16720809175155016
ENSG00000047936,0.6065452854851794
ENSG00000048028,0.4183770642378698
ENSG00000048052,0.2380632461757738
ENSG00000048140,0.796304581766835
ENSG00000048162,0.0033346844868835657
ENSG00000048342,0.6921224185787527
ENSG00000048392,0.4167968031548205
ENSG00000048405,0.4803162254371812
ENSG00000048462,0.3085483780630679
ENSG00000048471,0.34693181411654184
ENSG00000048540,0.7018065927053632
ENSG00000048544,0.0017585949404177459
ENSG00000048545,0.5003911927219381
ENSG00000048649,0.20860080494312727
ENSG00000048707,0.6489077073153261
ENSG00000048740,0.24460817757373132
ENSG00000048828,0.10557041183118032
ENSG00000048991,0.11040485313254667
ENSG00000049089,0.6957882826665076
ENSG00000049130,0.8707076486563319
ENSG00000049167,0.31161529722549275
ENSG00000049192,0.13186838891860453
ENSG00000049239,0.3720397074905467
ENSG00000049245,0.3961740117973124
ENSG00000049246,0.7755834231066375
ENSG00000049247,0.9068877465642704
ENSG00000049249,0.2663941370464923
ENSG00000049283,0.6848174335932955
ENSG00000049323,0.8976917676035596
ENSG00000049449,0.7739452895201926
ENSG00000049540,0.6713389644767194
ENSG00000049541,0.41672175976524606
ENSG00000049618,0.1457721212270573
ENSG00000049656,0.0460865520198771
ENSG00000049759,0.3730337287794253
ENSG00000049768,0.16812586579872513
ENSG00000049769,0.3704699353355432
ENSG00000049860,0.07025961381451595
ENSG00000049883,0.2659633750629191
ENSG00000050030,0.5438602541068085
ENSG00000050130,0.7776923746175277
ENSG00000050165,0.8499491354672859
ENSG00000050327,0.5003333019936691
ENSG00000050344,0.7259248889553882
ENSG00000050393,0.7924394184762608
ENSG00000050405,0.6058485089370671
ENSG00000050426,0.018437061052847925
ENSG00000050438,0.012692456773491734
ENSG00000050555,0.5104027147342003
ENSG00000050628,0.6046733210271698
ENSG00000050730,0.4150423980736784
ENSG00000050748,0.5703000711750761
ENSG00000050767,0.0605458043549687
ENSG00000050820,0.11149777669794503
ENSG00000051009,0.20156844574138588
ENSG00000051108,0.7739379850272574
ENSG00000051128,0.3607998329784282
ENSG00000051180,0.8334555260510376
ENSG00000051341,0.07615362988306518
ENSG00000051382,0.18262216179678503
ENSG00000051523,0.6708896356327207
ENSG00000051596,0.00028188495750702813
ENSG00000051620,0.5752317404253814
ENSG00000051825,0.7127940384799358
ENSG00000052126,0.2935896227515542
ENSG00000052344,0.6758765131543927
ENSG00000052723,0.332647073167472
ENSG00000052749,0.24981934909173686
ENSG00000052795,0.40937722024504775
ENSG00000052802,0.5853502232460264
ENSG00000052841,0.5721320805979386
ENSG00000053108,0.8206970733962697
ENSG00000053254,0.4967071096763329
ENSG00000053328,0.7967274422239203
ENSG00000053371,0.6504305906168828
ENSG00000053372,0.37165644865947567
ENSG00000053438,0.6757952472617438
ENSG00000053501,0.4388761772459009
ENSG00000053524,0.5484831651449078
ENSG00000053702,0.634812502465876
ENSG00000053747,0.7575282012837511
ENSG00000053770,0.8250996843219015
ENSG00000053900,0.37637858348414377
ENSG00000053918,0.7111294733249389
ENSG00000054116,0.17941101629469314
ENSG00000054118,0.842368621474153
ENSG00000054148,0.25797668299210474
ENSG00000054179,0.4030726062439841
ENSG00000054219,0.3983325034420244
ENSG00000054267,0.46973532087237546
ENSG00000054277,0.7493177940125508
ENSG00000054282,0.557283132691205
ENSG00000054356,0.5771285577329501
ENSG00000054392,3.132498350710833e-07
ENSG00000054523,0.7340541845107429
ENSG00000054598,0.3670161529559637
ENSG00000054611,0.5580345749925683
ENSG00000054654,0.47439432653954916
ENSG00000054690,0.447862578773469
ENSG00000054793,0.7825332391210802
ENSG00000054938,0.17899392462869668
ENSG00000054965,0.7995566291803906
ENSG00000054967,0.38112890481046446
ENSG00000054983,0.49322263336409977
ENSG00000055044,0.32401388130318276
ENSG00000055070,0.6767775760012711
ENSG00000055118,0.3711944464781437
ENSG00000055130,0.2856547481323465
ENSG00000055147,0.7069187030848813
ENSG00000055163,0.24990795722141668
ENSG00000055208,0.0014466305547439218
ENSG00000055211,0.4947726243023317
ENSG00000055332,0.12363585109767927
ENSG00000055483,0.5990692897751378
ENSG00000055609,0.38179386299282747
ENSG00000055732,0.6437884474267479
ENSG00000055813,0.8605405312275957
ENSG00000055917,0.6698603546247066
ENSG00000055950,0.8084189700062578
ENSG00000055955,0.2402090658478443
ENSG00000056050,0.8716642069341176
ENSG00000056097,0.6809367013124021
ENSG00000056277,0.22773014348660203
ENSG00000056558,0.2016463387931675
ENSG00000056586,0.5844448572993307
ENSG00000056736,0.6971083912922107
ENSG00000056972,0.9071699227555237
ENSG00000056998,0.6502610141131893
ENSG00000057019,0.3346400888940829
ENSG00000057252,0.4903035526331696
ENSG00000057294,0.793442548546434
ENSG00000057468,0.818608940088833
ENSG00000057593,0.8306747794396879
ENSG00000057608,0.3150296389229954
ENSG00000057657,0.396891653301202
ENSG00000057663,0.004608866703778913
ENSG00000057704,0.16994508061265723
ENSG00000057757,0.4743399135642876
ENSG00000057935,0.30489359548964023
ENSG00000058056,0.7139637690636069
ENSG00000058063,0.0
ENSG00000058085,0.3381748602085898
ENSG00000058091,0.040692904240436256
ENSG00000058262,0.158886166686096
ENSG00000058272,0.6853507677518265
ENSG00000058335,0.4197893013588101
ENSG00000058404,
ENSG00000058453,0.20997930428185674
ENSG00000058600,0.5396208042893103
ENSG00000058668,0.6433670832664501
ENSG00000058673,0.3420554548587085
ENSG00000058729,0.5746458427549679
ENSG00000058799,
ENSG00000058804,0.48368329767211427
ENSG00000058866,0.37286087005548363
ENSG00000059122,0.2956603285843532
ENSG00000059145,0.4580165144447451
ENSG00000059377,0.08504889350035161
ENSG00000059378,0.6636690245739981
ENSG00000059573,0.17699800612204308
ENSG00000059588,0.624481769118894
ENSG00000059691,0.2818802943454195
ENSG00000059728,0.20675746905865877
ENSG00000059758,0.06225629350520345
ENSG00000059769,0.44560151762826183
ENSG00000059804,0.33941491210049457
ENSG00000059915,0.05339906562117447
ENSG00000060069,0.3222866069023478
ENSG00000060138,0.5436798384685749
ENSG00000060140,0.9232255415247288
ENSG00000060237,0.233984040967526
ENSG00000060339,0.5096390582759616
ENSG00000060491,0.35781990940740205
ENSG00000060558,0.5618642075017033
ENSG00000060566,0.8283299592356751
ENSG00000060642,0.15785241816369477
ENSG00000060656,0.17204827405101997
ENSG00000060688,0.6043614861613306
ENSG00000060709,0.5886176665141052
ENSG00000060718,0.02314936268289791
ENSG00000060749,0.2273023900222927
ENSG00000060762,0.64142803027771
ENSG00000060971,0.4245627742941426
ENSG00000060982,0.15616694955193067
ENSG00000061273,0.12110359094143286
ENSG00000061337,0.3292789554279386
ENSG00000061455,0.26161643235958454
ENSG00000061656,0.8002258160868685
ENSG00000061676,0.22044195529434008
ENSG00000061794,0.37595761366897584
ENSG00000061918,0.3298034632209329
ENSG00000061936,0.23778348529858429
ENSG00000061938,0.23856024298912515
ENSG00000061987,0.2755498735066231
ENSG00000062038,0.38259335013372386
ENSG00000062194,0.8545068480449447
ENSG00000062282,0.7055514198712936
ENSG00000062370,0.0001878626112112869
ENSG00000062485,0.2192741193546237
ENSG00000062524,0.5572465284014034
ENSG00000062582,2.1067847466582634e-09
ENSG00000062598,0.8376739676166622
ENSG00000062650,0.479921450377526
ENSG00000062716,0.4863435330744307
ENSG00000062725,0.8395149651063873
ENSG00000062822,0.0006826389466713101
ENSG00000063015,0.02396529715914597
ENSG00000063046,0.7487611172478879
ENSG00000063127,0.6742637454706149
ENSG00000063169,0.2577312627681628
ENSG00000063176,0.5690879529515458
ENSG00000063177,0.000598190324154535
ENSG00000063180,0.24135011476528578
ENSG00000063241,0.6230069016880908
ENSG00000063244,0.4601993559876999
ENSG00000063245,0.1283508402690804
ENSG00000063322,0.5602834279374624
ENSG00000063438,0.30922037777569444
ENSG00000063587,0.8314559818219595
ENSG00000063601,0.47983211365449807
ENSG00000063660,0.18169331663947563
ENSG00000063761,0.4955625503324115
ENSG00000063854,0.9433913234452047
ENSG00000063978,0.4552978759463945
ENSG00000064012,0.6629740967942259
ENSG00000064042,0.6200649628624453
ENSG00000064102,0.3751022330493847
ENSG00000064115,0.9362655769509054
ENSG00000064195,0.6911980739242831
ENSG00000064199,0.8681289528988714
ENSG00000064201,0.2231916150596912
ENSG00000064205,0.2497286147769353
ENSG00000064218,0.6345453345691718
ENSG00000064225,0.36395000055803406
ENSG00000064270,0.30125384346459183
ENSG00000064300,0.12224138495264592
ENSG00000064309,0.6110134978280768
ENSG00000064313,0.48303768975778316
ENSG00000064393,0.8612974262683037
ENSG00000064419,0.35722546008437916
ENSG00000064489,0.056232298468142594
ENSG00000064490,0.2914357325136936
ENSG00000064545,0.632307809906881
ENSG00000064547,0.28082696093809667
ENSG00000064601,0.8884813677990765
ENSG00000064607,0.19495455470000256
ENSG00000064651,0.5398788445798475
ENSG00000064652,0.6377168521274288
ENSG00000064655,0.620691519369154
ENSG00000064666,0.43228816513719714
ENSG00000064687,0.15093862069194164
ENSG00000064692,0.46972151554846464
ENSG00000064703,0.4204008282698123
ENSG00000064726,0.8694373316083946
ENSG00000064763,0.5211304497203808
ENSG00000064787,0.2712299921299546
ENSG00000064886,0.09626086055334027
ENSG00000064932,0.21849690971667024
ENSG00000064933,0.20678099254081395
ENSG00000064961,0.4014217365578573
ENSG00000064989,0.28373014398079177
ENSG00000064995,0.2518863499897078
ENSG00000064999,0.6591305946717301
ENSG00000065000,0.20469051193580268
ENSG00000065029,0.42132443348475446
ENSG00000065054,0.7009712985591766
ENSG00000065057,0.7059548433435858
ENSG00000065060,0.4661141124743686
ENSG00000065135,0.5050180383287848
ENSG00000065150,0.9433440689265058
ENSG00000065154,0.4450542604561303
ENSG00000065183,0.269509111508637
ENSG00000065243,0.7015029347119905
ENSG00000065268,0.4894330671466396
ENSG00000065308,0.4393009171079588
ENSG00000065320,0.3750679462790645
ENSG00000065325,0.7332781303650908
ENSG00000065328,0.3934464352287016
ENSG00000065357,0.6774613373073564
ENSG00000065361,0.332402733509936
ENSG00000065413,0.12151643918193256
ENSG00000065427,0.1417761500923156
ENSG00000065457,0.40959675885984503
ENSG00000065485,0.33979292939352224
ENSG00000065491,0.0555864514655805
ENSG00000065518,0.304221496792749
ENSG00000065526,0.19575263811877253
ENSG00000065534,0.9197250349080002
ENSG00000065548,0.4923886095896385
ENSG00000065559,0.7976043154341835
ENSG00000065600,0.7735236151185418
ENSG00000065609,0.3807384660911406
ENSG00000065613,0.5620945029273461
ENSG00000065615,0.40045522459187954
ENSG00000065618,0.00017185201666447547
ENSG00000065621,0.4320911998814825
ENSG00000065665,0.01745939645209149
ENSG00000065675,2.1933877918156597e-05
ENSG00000065717,0.6145920483628833
ENSG00000065802,0.8278771285017353
ENSG00000065809,0.3368150809967527
ENSG00000065833,0.4188056197004574
ENSG00000065882,0.674265525676621
ENSG00000065883,0.8548809440150166
ENSG00000065911,0.8118204481040252
ENSG00000065923,0.9686027512789896
ENSG00000065970,0.7357692444276243
ENSG00000065978,0.5838607149143262
ENSG00000065989,0.382434149621947
ENSG00000066027,0.24703409380800645
ENSG00000066032,0.5619384897887898
ENSG00000066044,0.33183013981466103
ENSG00000066056,0.09081163003253956
ENSG00000066084,0.7761483313643779
ENSG00000066117,0.04098897865412665
ENSG00000066135,0.14857474167538076
ENSG00000066136,0.5241037841609453
ENSG00000066185,0.44246700715959286
ENSG00000066230,0.47317576801443584
ENSG00000066248,0.6454534374489836
ENSG00000066279,0.34851113136236445
ENSG00000066294,0.5593637738457418
ENSG00000066322,0.5619767378448952
ENSG00000066336,0.2729789004562817
ENSG00000066379,0.180497495050986
ENSG00000066382,0.7392498792723752
ENSG00000066405,0.35449690447628435
ENSG00000066422,
ENSG00000066427,0.759924638086017
ENSG00000066455,0.5521792938132482
ENSG00000066468,0.5194537463493273
ENSG00000066557,0.7358866493447944
ENSG00000066583,0.001675048246458366
ENSG00000066629,0.8922431697406519
ENSG00000066651,0.0010832672348147776
ENSG00000066654,0.4729278407902626
ENSG00000066697,0.7142344260780108
ENSG00000066735,0.768939506567716
ENSG00000066739,0.5170161779832014
ENSG00000066777,0.5560742622970327
ENSG00000066827,0.29252587291997867
ENSG00000066855,0.1120142620593938
ENSG00000066923,7.631296095045315e-08
ENSG00000066926,0.5934720801430206
ENSG00000066933,0.5474114896626285
ENSG00000067048,0.24015328188606544
ENSG00000067057,0.8743776583332533
ENSG00000067064,0.22392267958514367
ENSG00000067066,0.8910613163219838
ENSG00000067082,0.5765283516002838
ENSG00000067113,0.14329188139083993
ENSG00000067141,0.07230277992662204
ENSG00000067167,0.2341463548463233
ENSG00000067177,0.37273591673503015
ENSG00000067182,0.15467778483306416
ENSG00000067191,0.7569329945262459
ENSG00000067208,0.5499536676942044
ENSG00000067221,0.571808404732776
ENSG00000067225,0.9375060624255672
ENSG00000067248,0.4169516796378755
ENSG00000067334,0.49428612765207935
ENSG00000067365,0.7516182386581749
ENSG00000067369,0.4475625118350488
ENSG00000067445,0.44654432720410964
ENSG00000067533,0.53279857152825
ENSG00000067560,0.46855898967822396
ENSG00000067596,0.58537506804814
ENSG00000067601,0.43975012462397634
ENSG00000067606,0.28755751769912796
ENSG00000067646,0.2227829442258088
ENSG00000067704,0.413723831407499
ENSG00000067715,0.26540748117503365
ENSG00000067798,0.3814984460770784
ENSG00000067829,0.4598155241803611
ENSG00000067836,0.30992273829838146
ENSG00000067840,0.6725655452603108
ENSG00000067900,0.8558630227333831
ENSG00000067955,0.05669294147361392
ENSG00000067992,0.3260950224734529
ENSG00000068001,0.7637420121787668
ENSG00000068024,0.48823641117438155
ENSG00000068028,0.590957226602771
ENSG00000068078,0.496676690650116
ENSG00000068079,0.390572740720481
ENSG00000068097,0.6622614220468934
ENSG00000068120,0.12460779904068509
ENSG00000068137,0.22440371828858874
ENSG00000068305,0.0884889559407438
ENSG00000068308,0.3882368942961113
ENSG00000068323,0.39359187679552976
ENSG00000068354,0.9277428830805536
ENSG00000068366,0.2589207546576572
ENSG00000068383,8.141525468574606e-06
ENSG00000068394,0.24684399285972192
ENSG00000068400,0.0005325692220897738
ENSG00000068438,0.574370930589191
ENSG00000068489,0.20221209638706739
ENSG00000068615,0.568537979525878
ENSG00000068650,0.707672915219375
ENSG00000068654,0.2019476772517932
ENSG00000068697,0.2267716613293448
ENSG00000068724,0.8267985843411672
ENSG00000068745,0.7832023365373925
ENSG00000068784,0.8818251984912766
ENSG00000068796,0.4836955472772285
ENSG00000068831,0.09077143213887195
ENSG00000068878,0.6233040058377373
ENSG00000068885,0.46558333191747403
ENSG00000068903,0.3245542305567348
ENSG00000068912,0.6730146885251781
ENSG00000068971,0.4837088703033656
ENSG00000068976,0.11279139318884235
ENSG00000069011,0.5852939725698239
ENSG00000069018,0.5725375943264603
ENSG00000069020,0.14375100660719953
ENSG00000069122,0.20728733488949225
ENSG00000069188,0.6471084770771118
ENSG00000069248,0.5323860031601049
ENSG00000069275,0.46121440763829513
ENSG00000069329,0.45803726365922726
ENSG00000069345,0.0005799033594920955
ENSG00000069399,0.27116275276326807
ENSG00000069424,0.403194085286111
ENSG00000069431,0.48125539876063317
ENSG00000069482,0.9014894905831755
ENSG00000069493,0.8590230969899006
ENSG00000069509,0.18192204700717274
ENSG00000069535,0.43207654064008927
ENSG00000069667,0.44429239852709046
ENSG00000069696,0.5290540991644219
ENSG00000069702,0.30921769630821283
ENSG00000069712,0.35338778206498056
ENSG00000069764,0.7926841138222521
ENSG00000069812,0.3423456859116343
ENSG00000069849,0.5897560248940478
ENSG00000069869,0.5496565655661714
ENSG00000069943,0.4633109072299262
ENSG00000069956,0.8948894086649734
ENSG00000069966,0.663830874753371
ENSG00000069974,0.8530952198683434
ENSG00000069998,0.2867210092542155
ENSG00000070010,0.4672184781626205
ENSG00000070018,0.2743844593900616
ENSG00000070019,0.8797894289094095
ENSG00000070031,0.7979653880369312
ENSG00000070047,0.2512205567205068
ENSG00000070061,0.6587742133929733
ENSG00000070081,0.9397725601447626
ENSG00000070087,0.4637965415165426
ENSG00000070159,0.009953680658012498
ENSG00000070182,0.38812717719057654
ENSG00000070190,0.8271892275196524
ENSG00000070193,0.31405589785708476
ENSG00000070214,0.0004819948260477158
ENSG00000070269,0.3424567098279442
ENSG00000070366,0.11876253601173414
ENSG00000070367,0.9212377817339459
ENSG00000070371,0.09910272478315607
ENSG00000070388,0.299334564196706
ENSG00000070404,0.17974344297207845
ENSG00000070413,0.31293508664168934
ENSG00000070423,0.3379388640430899
ENSG00000070444,0.24696384407940297
ENSG00000070476,0.7263796361461502
ENSG00000070495,0.28235436195073205
ENSG00000070501,0.22040313199538997
ENSG00000070526,0.5373527498029742
ENSG00000070540,0.29687689554573693
ENSG00000070601,0.06372674491149144
ENSG00000070610,0.19442893611125378
ENSG00000070614,0.0010224634075457484
ENSG00000070669,0.3424910847870736
ENSG00000070718,0.6541637806985603
ENSG00000070729,0.2914154346230575
ENSG00000070731,0.8865681141935807
ENSG00000070756,0.8008888458505301
ENSG00000070759,0.18198508102941846
ENSG00000070761,0.7262855716785632
ENSG00000070770,0.7026789373504096
ENSG00000070778,0.5668949837018717
ENSG00000070785,0.6041682899941411
ENSG00000070808,0.21866457145155271
ENSG00000070814,0.1585988800009307
ENSG00000070831,0.7644916837457322
ENSG00000070882,0.5538696648156738
ENSG00000070915,0.1936164392070182
ENSG00000070950,0.22669845580790549
ENSG00000070961,0.6572379601972552
ENSG00000070985,0.29717055635662737
ENSG00000071051,0.9188213554325348
ENSG00000071054,0.02476258269001219
ENSG00000071073,0.33843529398155514
ENSG00000071082,0.09683722867484024
ENSG00000071127,0.4280449190922897
ENSG00000071189,0.16061611113653085
ENSG00000071203,0.43434622927196487
ENSG00000071205,0.4668730927681777
ENSG00000071242,0.5399974764520162
ENSG00000071243,0.5245434725640086
ENSG00000071246,0.11435920681933642
ENSG00000071282,0.5144094147223753
ENSG00000071462,0.00011577583704769356
ENSG00000071537,0.8337001911334678
ENSG00000071539,0.21468210904097718
ENSG00000071553,0.5330943572457287
ENSG00000071564,0.35785196415408826
ENSG00000071575,0.9416978988208279
ENSG00000071626,0.11277281491338698
ENSG00000071655,9.932822988778511e-05
ENSG00000071794,0.5158227684086835
ENSG00000071859,0.36990953613285826
ENSG00000071889,0.7091094419668356
ENSG00000071894,0.6982295544562014
ENSG00000071909,0.3021733410488975
ENSG00000071967,0.18333537625833118
ENSG00000071991,0.21443036971992568
ENSG00000071994,0.6088115409041679
ENSG00000072042,0.45832143393641034
ENSG00000072062,0.6580823945017862
ENSG00000072071,0.4793536576826668
ENSG00000072110,0.5600121864375155
ENSG00000072121,0.40030606960562143
ENSG00000072133,0.47577173330411415
ENSG00000072134,0.4425745068445871
ENSG00000072135,0.14258776710826349
ENSG00000072163,0.8030410975092989
ENSG00000072182,0.06562012276565599
ENSG00000072195,0.5836945972036024
ENSG00000072201,0.27400122200490973
ENSG00000072210,0.8972271571435834
ENSG00000072274,0.5511420958731579
ENSG00000072310,0.3404170609251339
ENSG00000072364,0.3344761661744483
ENSG00000072401,5.018717844640364e-07
ENSG00000072415,0.4183972016647648
ENSG00000072422,0.5312209461166384
ENSG00000072501,0.2665392162027652
ENSG00000072506,0.5170118265644784
ENSG00000072518,0.06506187799875651
ENSG00000072571,0.15903919140562583
ENSG00000072609,0.9452138330532354
ENSG00000072657,0.7060734031570635
ENSG00000072682,0.5114257099989563
ENSG00000072694,0.24274625933551475
ENSG00000072736,0.8508834009003167
ENSG00000072756,0.2785945646284693
ENSG00000072778,0.5987794417713233
ENSG00000072786,0.22446777947104868
ENSG00000072803,0.2958821512286295
ENSG00000072818,0.5402034040446505
ENSG00000072832,0.736031428357759
ENSG00000072840,0.3895126589443989
ENSG00000072849,0.7779474270627507
ENSG00000072858,0.5936001271096336
ENSG00000072864,0.1734499531016518
ENSG00000072952,0.8479922485444839
ENSG00000072954,0.6405762971017015
ENSG00000072958,0.6493015062456352
ENSG00000073008,0.38736210789062997
ENSG00000073050,0.3106727307060946
ENSG00000073060,0.7401136358253373
ENSG00000073067,0.49073764740147197
ENSG00000073111,0.3045515263704177
ENSG00000073146,0.4850973144572944
ENSG00000073150,0.6660833215601776
ENSG00000073169,0.31217046186850106
ENSG00000073282,0.1235782234577143
ENSG00000073331,0.5014744028636002
ENSG00000073350,0.21281825638867857
ENSG00000073417,0.3462640141946728
ENSG00000073464,0.44486023485817083
ENSG00000073536,0.40967636338308644
ENSG00000073578,0.7313560871146407
ENSG00000073584,0.5011574587885597
ENSG00000073598,0.20148388458202193
ENSG00000073605,0.732653691051916
ENSG00000073614,0.2843900722515278
ENSG00000073670,0.7371366340744372
ENSG00000073711,0.3215504865766641
ENSG00000073712,0.5276524890670926
ENSG00000073734,0.6209211610149736
ENSG00000073737,0.20554479412556104
ENSG00000073756,0.7013532093561821
ENSG00000073792,0.14471600504090998
ENSG00000073803,0.6178531594795199
ENSG00000073849,0.782249571314509
ENSG00000073861,0.49072619792338845
ENSG00000073905,0.4790795475099089
ENSG00000073910,
ENSG00000073921,0.0005762646644128511
ENSG00000073969,0.19290807860805825
ENSG00000074047,0.41879585805576547
ENSG00000074054,0.1898030914081007
ENSG00000074071,0.43588180213192607
ENSG00000074181,0.12694559493816726
ENSG00000074201,0.41349576790974263
ENSG00000074211,0.3945878282564198
ENSG00000074219,0.3146205935150167
ENSG00000074266,0.8034686906904751
ENSG00000074276,0.505202261882489
ENSG00000074319,0.43552591232307625
ENSG00000074356,0.7382401299500728
ENSG00000074370,0.41471042068378405
ENSG00000074410,0.8394970355144384
ENSG00000074416,0.19346948391441976
ENSG00000074527,0.45452611952330757
ENSG00000074582,0.3326927170282965
ENSG00000074590,0.31511636058104364
ENSG00000074603,0.3673584020360028
ENSG00000074621,0.1963837237550604
ENSG00000074657,0.6515674962421152
ENSG00000074660,0.2446533207201017
ENSG00000074695,0.7948797861889132
ENSG00000074696,0.00031301843076136926
ENSG00000074706,0.8153772436773645
ENSG00000074755,0.2819414234072216
ENSG00000074800,0.5984859207274019
ENSG00000074842,0.30394483757909296
ENSG00000074855,0.8139294400420152
ENSG00000074935,0.3535028416832121
ENSG00000074964,0.18318963962733692
ENSG00000074966,0.7203957355158634
ENSG00000075035,0.6175345578334337
ENSG00000075043,0.23320451845671086
ENSG00000075073,0.6529170694957152
ENSG00000075089,0.4549353177178447
ENSG00000075131,0.6915418438370831
ENSG00000075142,0.20158405869014673
ENSG00000075151,0.24310087452184503
ENSG00000075188,0.20921180914121829
ENSG00000075213,0.4980682946391153
ENSG00000075218,0.5107317838561312
ENSG00000075223,0.7611521369275118
ENSG00000075234,0.1348211594245584
ENSG00000075239,0.6165916551355903
ENSG00000075240,0.19902972298301636
ENSG00000075275,0.14944590333677266
ENSG00000075290,0.43878135606631696
ENSG00000075292,0.5078537174085813
ENSG00000075303,0.6054628874228691
ENSG00000075336,0.5042599071812852
ENSG00000075340,0.2169060804010562
ENSG00000075391,0.14106515917527673
ENSG00000075399,0.12695961813476064
ENSG00000075407,0.8466793662978995
ENSG00000075413,0.8111136522100932
ENSG00000075415,0.45964334900905124
ENSG00000075420,0.4301039905868712
ENSG00000075426,0.5885137889299481
ENSG00000075461,0.9741048205980847
ENSG00000075539,0.23974438169392465
ENSG00000075568,0.0013005441177597055
ENSG00000075618,0.7378053548769049
ENSG00000075624,5.212203173088348e-05
ENSG00000075643,0.8474844273781592
ENSG00000075651,0.11489682694276238
ENSG00000075673,0.7287532885698802
ENSG00000075702,0.3607225357251538
ENSG00000075711,0.5849150880187443
ENSG00000075785,0.36300469516839484
ENSG00000075790,0.9028880733954262
ENSG00000075826,0.3520942659198186
ENSG00000075856,0.14944576563247058
ENSG00000075884,0.1829896869562312
ENSG00000075886,0.03351392063353953
ENSG00000075914,0.7515774725462774
ENSG00000075945,0.684729223488098
ENSG00000075975,0.14624510019458026
ENSG00000076003,0.5200093643437544
ENSG00000076043,0.39676559055445815
ENSG00000076053,0.767580439842455
ENSG00000076067,0.18082544367872921
ENSG00000076108,0.2803664576805103
ENSG00000076201,0.465537782058996
ENSG00000076242,0.8090994732148145
ENSG00000076248,0.020883901900919932
ENSG00000076258,0.4614042067809093
ENSG00000076321,0.013721126470676803
ENSG00000076344,0.4164666657496875
ENSG00000076351,0.26142079993233214
ENSG00000076356,0.5499728574449796
ENSG00000076382,0.4881124280475011
ENSG00000076513,0.5563565405916993
ENSG00000076554,0.8259703280527864
ENSG00000076555,0.6576812402270651
ENSG00000076604,0.0023834988723492323
ENSG00000076641,0.07918970200812714
ENSG00000076650,0.4811437075803552
ENSG00000076662,0.5197291705924385
ENSG00000076685,0.19141628868411165
ENSG00000076706,0.841730013539141
ENSG00000076716,0.6617291561571019
ENSG00000076770,0.7082782695805971
ENSG00000076826,0.2086198864058415
ENSG00000076864,0.4230530555689225
ENSG00000076924,0.6632710187979988
ENSG00000076928,0.11602423001138829
ENSG00000076944,0.25512459761787964
ENSG00000076984,0.251956715977839
ENSG00000077044,0.28108362243124363
ENSG00000077063,0.8342234904423842
ENSG00000077092,0.5345251668406128
ENSG00000077097,0.4679796255196783
ENSG00000077147,0.38051612154065617
ENSG00000077150,0.5666488800115581
ENSG00000077152,0.18371517861258158
ENSG00000077157,0.1995556115867403
ENSG00000077232,0.5598882219460705
ENSG00000077235,0.2627679388975478
ENSG00000077238,0.30584205232728956
ENSG00000077254,0.6872802370058488
ENSG00000077264,0.48264842252302376
ENSG00000077274,0.1351866580319243
ENSG00000077312,0.19882440993982076
ENSG00000077348,0.8798054446933797
ENSG00000077380,0.15016014106697317
ENSG00000077420,0.673860522335317
ENSG00000077454,0.31758653108183665
ENSG00000077458,0.6199114957430041
ENSG00000077463,0.7491022497517367
ENSG00000077514,0.42870529460027584
ENSG00000077522,0.3615097540602269
ENSG00000077549,0.6527343021350982
ENSG00000077585,0.5920763095253759
ENSG00000077616,0.22373399857944443
ENSG00000077684,0.8784730237291625
ENSG00000077713,0.7904443519580304
ENSG00000077721,0.18425627054788074
ENSG00000077782,0.33281834332208415
ENSG00000077935,0.5170612561453811
ENSG00000077942,0.5763945896164153
ENSG00000077943,0.5800196756212244
ENSG00000077984,0.41686020339419283
ENSG00000078018,0.09226389865165607
ENSG00000078043,0.8547291802409628
ENSG00000078053,0.5167891494095409
ENSG00000078061,0.6761657423805247
ENSG00000078070,0.09308311415563553
ENSG00000078081,0.7387307020496539
ENSG00000078098,0.43804198092685787
ENSG00000078114,0.7590707819872322
ENSG00000078124,0.41627380679000536
ENSG00000078140,0.4084812513690539
ENSG00000078142,0.9382288896864008
ENSG00000078177,0.7302880225891288
ENSG00000078237,0.24997376820505657
ENSG00000078246,0.5796837240382706
ENSG00000078269,0.2915612145839187
ENSG00000078295,0.5680225048966059
ENSG00000078304,0.33171855139774964
ENSG00000078319,0.3592575576017454
ENSG00000078328,0.575813557428546
ENSG00000078369,0.7791404207330991
ENSG00000078399,0.7724019984183566
ENSG00000078401,0.6512455499421578
ENSG00000078403,0.3267764217055149
ENSG00000078487,0.2626072746065998
ENSG00000078549,0.4911620322394016
ENSG00000078589,0.6460107502050789
ENSG00000078596,0.44631113876096795
ENSG00000078618,0.4208628125918189
ENSG00000078668,0.2756522518823161
ENSG00000078674,0.6038279842530822
ENSG00000078687,0.4347047092423504
ENSG00000078699,0.8331357463837301
ENSG00000078725,0.32687219461261197
ENSG00000078747,0.5021027991935104
ENSG00000078795,0.2843191917365865
ENSG00000078804,0.2893247935838539
ENSG00000078808,0.17214458771066332
ENSG00000078814,0.34385704148584995
ENSG00000078900,0.5423772199325865
ENSG00000078902,0.2616169904906105
ENSG00000078967,0.4289771120785101
ENSG00000079101,0.5528931476846847
ENSG00000079102,0.2914594900228008
ENSG00000079112,0.47735646159404954
ENSG00000079134,0.7642217490751703
ENSG00000079150,0.20669155733772404
ENSG00000079156,0.3455273764826299
ENSG00000079215,0.30069809075190823
ENSG00000079246,0.6725684743109611
ENSG00000079257,0.6215407883946628
ENSG00000079263,0.9603939152868118
ENSG00000079277,0.05627487963368638
ENSG00000079308,0.7778388266633209
ENSG00000079313,0.3907569385073779
ENSG00000079332,0.2703779716025786
ENSG00000079335,0.8051435143224592
ENSG00000079337,0.27452560850835706
ENSG00000079385,0.6844184822322807
ENSG00000079387,
ENSG00000079432,0.32493499131707215
ENSG00000079435,0.19011667248711328
ENSG00000079459,0.6562111718410935
ENSG00000079462,0.34777393060881157
ENSG00000079482,0.09828172535021706
ENSG00000079616,0.25337589048877784
ENSG00000079689,0.13349913677299696
ENSG00000079691,0.8258096763896239
ENSG00000079739,0.002827306275914876
ENSG00000079785,0.00026574728583428353
ENSG00000079805,0.0014604242454064886
ENSG00000079819,0.19760972096557383
ENSG00000079841,5.758917755338544e-06
ENSG00000079931,0.5986058919334727
ENSG00000079950,0.4798841059505644
ENSG00000079974,0.37655521694148
ENSG00000079999,0.011462268701292633
ENSG00000080007,0.3530681158280835
ENSG00000080031,0.5919871411944507
ENSG00000080166,0.2926986220670038
ENSG00000080189,0.8439249673105702
ENSG00000080200,0.24241635453129518
ENSG00000080293,0.9458155561042135
ENSG00000080298,0.02784987064764155
ENSG00000080345,0.2879541176832957
ENSG00000080371,0.6260593700506649
ENSG00000080493,0.7249074594909825
ENSG00000080503,0.29074656558627465
ENSG00000080546,0.24149510782214867
ENSG00000080561,0.5718246822485513
ENSG00000080573,0.1972585841222736
ENSG00000080603,0.6353735535660012
ENSG00000080608,0.563017776146997
ENSG00000080644,0.3157564707900713
ENSG00000080709,0.4935530072838592
ENSG00000080802,0.19218837365363628
ENSG00000080815,0.34363950173113345
ENSG00000080819,0.1717855733430801
ENSG00000080822,0.13951958697727473
ENSG00000080823,0.620874548314643
ENSG00000080824,0.38385391589019513
ENSG00000080839,0.7286813205180114
ENSG00000080845,0.49377583539042724
ENSG00000080854,0.1697895115189345
ENSG00000080947,7.568472536279014e-05
ENSG00000080986,0.9544225040135317
ENSG00000081014,0.7440937837410387
ENSG00000081019,0.26419163281845714
ENSG00000081026,0.019332336546624584
ENSG00000081041,0.1364493666705079
ENSG00000081051,0.30080305311986655
ENSG00000081052,0.23089257313102163
ENSG00000081059,0.7776217214801908
ENSG00000081087,0.45437408683544256
ENSG00000081138,0.4747485637917461
ENSG00000081148,0.7280380924315308
ENSG00000081154,0.18968946917198704
ENSG00000081177,0.8358812968496868
ENSG00000081181,0.33965558751047953
ENSG00000081189,0.3751570674789557
ENSG00000081237,0.7473287539193858
ENSG00000081248,0.49373676949060963
ENSG00000081277,0.8420088408449393
ENSG00000081307,0.6274160936633915
ENSG00000081320,0.6309343543611969
ENSG00000081377,0.526862553074102
ENSG00000081386,0.09029223040833312
ENSG00000081665,0.8464364922425104
ENSG00000081692,0.8634592151372649
ENSG00000081721,0.0036323633203905192
ENSG00000081760,0.7244253874902082
ENSG00000081791,0.014614450716275984
ENSG00000081803,0.8747092488257057
ENSG00000081818,0.17039559013175998
ENSG00000081853,0.13099669306339068
ENSG00000081870,
ENSG00000081913,0.7436119676677567
ENSG00000081923,0.6440583484616524
ENSG00000081985,0.5767105975018028
ENSG00000082014,0.30983917663812355
ENSG00000082068,0.44983505096391985
ENSG00000082074,0.39158001257470876
ENSG00000082126,0.09945254431976303
ENSG00000082146,0.10471300856771848
ENSG00000082153,0.39218468983684895
ENSG00000082175,0.010865615468778955
ENSG00000082196,0.6835532409497054
ENSG00000082212,0.6600983741657713
ENSG00000082213,0.1679283841128698
ENSG00000082258,0.32306297627171277
ENSG00000082269,0.2409259795833849
ENSG00000082397,0.21096010119324926
ENSG00000082438,0.7171218306280589
ENSG00000082458,0.9521312552734221
ENSG00000082482,0.7334401838635283
ENSG00000082497,0.6523273740611639
ENSG00000082512,0.6465331066467552
ENSG00000082515,0.24310909939412806
ENSG00000082516,0.21486836916961094
ENSG00000082641,0.2920767607092909
ENSG00000082684,0.9182343418139443
ENSG00000082701,0.28803341894848844
ENSG00000082781,0.6194858620852812
ENSG00000082805,0.29646842919636507
ENSG00000082898,0.40376438159979766
ENSG00000082996,0.4128782851642866
ENSG00000083067,0.2194118938236913
ENSG00000083093,0.7024931514522853
ENSG00000083097,0.33447458974539723
ENSG00000083099,0.48116899526253876
ENSG00000083123,0.31180447185449833
ENSG00000083168,0.8745150158743521
ENSG00000083223,0.2025776822789931
ENSG00000083290,0.7436413017687452
ENSG00000083307,0.8225281516403365
ENSG00000083312,0.6625374403664535
ENSG00000083444,0.6501555524146005
ENSG00000083454,0.4979203852277283
ENSG00000083457,0.4760240701836679
ENSG00000083520,0.6856701968125536
ENSG00000083535,0.4327392742398217
ENSG00000083544,0.2834547301790131
ENSG00000083622,0.49464504461862224
ENSG00000083635,0.9744550687520439
ENSG00000083642,0.5765370733173688
ENSG00000083720,0.9557860807912796
ENSG00000083750,0.456861600702103
ENSG00000083782,0.4862711790732971
ENSG00000083799,0.44310744230771615
ENSG00000083807,0.5757875128861791
ENSG00000083812,0.18628455536252742
ENSG00000083814,0.26681514590755495
ENSG00000083817,0.3552431465451784
ENSG00000083828,0.41657810943249973
ENSG00000083838,0.492858516554042
ENSG00000083844,0.23079890796364744
ENSG00000083845,0.012064735992617703
ENSG00000083857,0.7066686346426668
ENSG00000083896,4.3009199155785716e-05
ENSG00000083937,0.4402253111547715
ENSG00000084070,0.8330579080210638
ENSG00000084072,0.7233585451269647
ENSG00000084073,0.07812477974684617
ENSG00000084090,0.32826557576298
ENSG00000084092,0.6943463822491021
ENSG00000084093,0.6194617882841922
ENSG00000084110,0.17820572150529623
ENSG00000084112,0.21822080868039284
ENSG00000084207,0.5516941433957206
ENSG00000084234,0.00038550508901291636
ENSG00000084444,0.5682935624956293
ENSG00000084463,0.4961531266049167
ENSG00000084623,0.15068871474500933
ENSG00000084628,0.09369344001772584
ENSG00000084636,0.45423953115474114
ENSG00000084652,0.544252836404832
ENSG00000084674,0.8012063685439791
ENSG00000084676,0.2902202913281037
ENSG00000084693,0.7830791489780929
ENSG00000084710,0.15223158947352855
ENSG00000084731,0.8634865531196879
ENSG00000084733,0.24640201172001974
ENSG00000084734,0.5052343938848914
ENSG00000084754,0.26339087745170475
ENSG00000084764,0.6506225597138834
ENSG00000084774,0.195111804138967
ENSG00000085063,0.6132096984698917
ENSG00000085117,0.7425803104442454
ENSG00000085185,0.702033057039746
ENSG00000085224,0.15690788510676834
ENSG00000085231,0.6847758436613449
ENSG00000085265,0.327759480982063
ENSG00000085274,0.49402134048731916
ENSG00000085276,0.1620247782473505
ENSG00000085365,0.5039548699830969
ENSG00000085377,0.40611939878075753
ENSG00000085382,0.833477807930747
ENSG00000085415,0.8807850623858107
ENSG00000085433,0.6497190985133162
ENSG00000085449,0.5943869962543484
ENSG00000085465,0.8796088079621455
ENSG00000085491,0.3806610110444386
ENSG00000085511,0.15096703218207097
ENSG00000085514,0.3314487688960901
ENSG00000085552,0.6878557437960695
ENSG00000085563,0.2758904887088125
ENSG00000085644,0.8068900492952163
ENSG00000085662,0.4252123690882583
ENSG00000085719,0.7296400463134081
ENSG00000085721,0.4035542258605016
ENSG00000085733,0.21684729983877138
ENSG00000085741,0.898272183473859
ENSG00000085760,0.42308128413234447
ENSG00000085788,0.002021078990881664
ENSG00000085831,0.7493318342602535
ENSG00000085832,0.8144014115399525
ENSG00000085840,0.236362965424332
ENSG00000085871,0.7367944711925305
ENSG00000085872,0.17035408446036449
ENSG00000085978,0.3623929692862322
ENSG00000085982,0.1715943656858645
ENSG00000085998,0.3490164750276332
ENSG00000085999,0.5167948708843174
ENSG00000086015,0.15754088989266246
ENSG00000086061,
ENSG00000086062,0.37989263771995785
ENSG00000086065,0.35756476888452127
ENSG00000086102,0.44226285317043457
ENSG00000086159,0.2811737413503089
ENSG00000086189,0.0050749841748019
ENSG00000086200,0.4326859650649024
ENSG00000086205,0.41184843127829684
ENSG00000086232,0.7762067804262536
ENSG00000086288,0.3077894338738728
ENSG00000086289,0.5765334444895893
ENSG00000086300,0.2854630833232954
ENSG00000086475,0.31962218070035375
ENSG00000086504,0.5842911532000314
ENSG00000086544,0.734609944988813
ENSG00000086548,0.7789057227160117
ENSG00000086570,0.37907884931024927
ENSG00000086589,0.23068374781981738
ENSG00000086598,0.6872445618864731
ENSG00000086619,0.43355102695461845
ENSG00000086666,0.02600175371262803
ENSG00000086696,0.7763021478372774
ENSG00000086712,0.7918943900406916
ENSG00000086717,0.16148234256975014
ENSG00000086730,0.5466048173541902
ENSG00000086758,0.6833959208186449
ENSG00000086827,0.19345144773385692
ENSG00000086848,0.3915751121902067
ENSG00000086967,0.4144112687871714
ENSG00000086991,0.2321924268861898
ENSG00000087008,0.30518398435097094
ENSG00000087053,0.36058497892480135
ENSG00000087074,0.19523568268856228
ENSG00000087076,0.32840516353769167
ENSG00000087077,0.3274594578272023
ENSG00000087085,0.6155276816750699
ENSG00000087086,0.49866410193419963
ENSG00000087087,0.2672016392663086
ENSG00000087088,0.40729059680985835
ENSG00000087095,0.20774520663431983
ENSG00000087111,0.21613298199388087
ENSG00000087116,0.27762921292731113
ENSG00000087152,0.11780880667457017
ENSG00000087157,0.6011199569686243
ENSG00000087191,0.5668628349839302
ENSG00000087206,0.5630793205491126
ENSG00000087237,0.26717046044950754
ENSG00000087245,0.35546538935590033
ENSG00000087250,0.5118230892318419
ENSG00000087253,0.5376775157480485
ENSG00000087258,0.24869740078762204
ENSG00000087263,0.6064576957904138
ENSG00000087266,0.1613335171716902
ENSG00000087269,0.00012511735590303719
ENSG00000087274,0.6693642965755029
ENSG00000087299,0.6394418135435287
ENSG00000087301,0.36053525206770765
ENSG00000087302,0.8137152670425615
ENSG00000087303,0.47136986695401883
ENSG00000087338,0.52625944066897
ENSG00000087365,0.0445075700995019
ENSG00000087448,0.06825844158927996
ENSG00000087460,0.8561658696887879
ENSG00000087470,1.32159812493704e-06
ENSG00000087494,0.64543843705336
ENSG00000087495,0.5847151791790025
ENSG00000087502,0.4279251222983248
ENSG00000087510,0.5223832029654806
ENSG00000087586,0.7625289892797689
ENSG00000087589,0.4534663181208747
ENSG00000087842,0.29802637105666785
ENSG00000087884,0.3491299440800393
ENSG00000087903,0.212353549377994
ENSG00000087995,0.4455289180097377
ENSG00000088002,0.5294194877952182
ENSG00000088035,0.5241199521433373
ENSG00000088038,0.023278769339944105
ENSG00000088053,0.5790724767994532
ENSG00000088179,0.6139410118068995
ENSG00000088205,0.48519092914035655
ENSG00000088247,0.17292276059145117
ENSG00000088256,0.20051721409849943
ENSG00000088280,0.2066834375643316
ENSG00000088298,0.5972186914144031
ENSG00000088305,0.6359690603742774
ENSG00000088320,0.47916954152096536
ENSG00000088325,0.6104550898027128
ENSG00000088340,0.7686011630656614
ENSG00000088356,0.8551075668706448
ENSG00000088367,0.8109331422210277
ENSG00000088386,0.6234523628563668
ENSG00000088387,0.021878291862372
ENSG00000088448,0.9121642692002631
ENSG00000088451,0.5184157407832674
ENSG00000088538,0.18333640304340149
ENSG00000088543,0.4537921622598793
ENSG00000088682,0.1391267823771155
ENSG00000088726,0.20273178868457253
ENSG00000088727,0.2708748597067384
ENSG00000088756,0.5796798828188476
ENSG00000088766,0.34796702816807656
ENSG00000088808,0.03812619213944446
ENSG00000088812,0.05214400634504257
ENSG00000088826,0.0890160490170927
ENSG00000088827,0.5244009938835983
ENSG00000088832,0.19249424375748048
ENSG00000088833,0.3745553863928388
ENSG00000088836,0.21247816130727148
ENSG00000088854,0.4882551999165775
ENSG00000088876,0.00014905868504855313
ENSG00000088881,0.35910869708930093
ENSG00000088882,0.49379748133754997
ENSG00000088888,0.3311950854622825
ENSG00000088899,0.43869625625633835
ENSG00000088930,0.6146767174478488
ENSG00000088970,0.1877554240708541
ENSG00000088986,0.2572390787922072
ENSG00000088992,0.20780045078913345
ENSG00000089006,0.1453148510953277
ENSG00000089009,0.46767073651485846
ENSG00000089012,0.5697303079385097
ENSG00000089022,0.7706295325097388
ENSG00000089041,0.4057606531199349
ENSG00000089048,0.6814285077938136
ENSG00000089050,0.22921182575675703
ENSG00000089053,0.3977714604432694
ENSG00000089057,0.4849420331220303
ENSG00000089060,0.4103857660567779
ENSG00000089063,0.316587533400575
ENSG00000089091,0.6924443947875742
ENSG00000089094,0.05798205128940337
ENSG00000089101,0.8271838605470225
ENSG00000089123,0.303274355940214
ENSG00000089127,0.20680228820600555
ENSG00000089154,0.43606187668656227
ENSG00000089157,0.31619462381203334
ENSG00000089159,0.7838674546221932
ENSG00000089163,0.4647536167568701
ENSG00000089169,0.3208257729262708
ENSG00000089177,0.6051138246109184
ENSG00000089195,0.0034301520738051483
ENSG00000089199,0.4313595991556495
ENSG00000089220,0.5465639065503798
ENSG00000089234,0.279366206873198
ENSG00000089248,0.955524237873068
ENSG00000089250,0.8349946089860124
ENSG00000089280,0.10621892595935412
ENSG00000089289,0.09072656755926667
ENSG00000089327,0.23622121610214997
ENSG00000089335,0.35091500833962386
ENSG00000089351,0.26283799652008977
ENSG00000089356,0.6659817337842933
ENSG00000089472,1.6765349125646978e-06
ENSG00000089486,0.8964531357848227
ENSG00000089505,0.30198184887260393
ENSG00000089558,0.5424572812953066
ENSG00000089597,0.19004786053160694
ENSG00000089639,0.16772274043959046
ENSG00000089682,0.0787625831080766
ENSG00000089685,0.4751293599935751
ENSG00000089692,0.636767374913471
ENSG00000089693,0.3372766634088431
ENSG00000089723,0.5693202108479039
ENSG00000089737,0.5939189486118732
ENSG00000089775,0.949545725013213
ENSG00000089818,0.6684859289303484
ENSG00000089820,0.9483345530489543
ENSG00000089847,0.007513450347916839
ENSG00000089876,0.00023776428237398672
ENSG00000089902,0.7119588421185137
ENSG00000089916,
ENSG00000090006,0.5271632924066898
ENSG00000090013,0.5866646518162866
ENSG00000090020,0.5827580707786914
ENSG00000090054,0.5576721950447663
ENSG00000090060,0.4812558703209867
ENSG00000090061,0.5181776830177613
ENSG00000090097,0.745076991126184
ENSG00000090104,0.5049648763155417
ENSG00000090238,0.8978453816167514
ENSG00000090263,0.22755604034442156
ENSG00000090266,0.4555625189422505
ENSG00000090273,0.5903133506605776
ENSG00000090316,0.3272926141198168
ENSG00000090339,0.6049685129293557
ENSG00000090372,0.5660764476261322
ENSG00000090376,0.18304515507644636
ENSG00000090382,0.7850785333208419
ENSG00000090402,0.20174908512311673
ENSG00000090432,0.43862017613067317
ENSG00000090447,0.41177011517123197
ENSG00000090470,0.1460751720368717
ENSG00000090487,0.06470732174716132
ENSG00000090520,0.46269102479507496
ENSG00000090530,0.43232090453478966
ENSG00000090534,0.28062468815850117
ENSG00000090539,0.24848752749189584
ENSG00000090554,0.7207353186084696
ENSG00000090565,0.24142533401752453
ENSG00000090581,0.4076735981073045
ENSG00000090612,0.19201429369210066
ENSG00000090615,0.2521624501939006
ENSG00000090621,0.47363865488768253
ENSG00000090659,0.40541684656281407
ENSG00000090661,0.9480880815734694
ENSG00000090674,0.0001558956004817924
ENSG00000090686,0.6948232710190607
ENSG00000090776,0.4427997594977299
ENSG00000090857,0.21275394593822905
ENSG00000090861,0.0482890634353601
ENSG00000090863,0.269525359628061
ENSG00000090889,0.40927562868733214
ENSG00000090905,0.35885848539521104
ENSG00000090924,0.57756063614598
ENSG00000090932,0.5392427636652835
ENSG00000090971,0.25587266967066036
ENSG00000090975,0.3450400545751787
ENSG00000090989,0.36221792448092316
ENSG00000091009,0.3241083387324861
ENSG00000091039,0.11951432239752191
ENSG00000091073,0.8970801417874131
ENSG00000091106,0.3561881024203638
ENSG00000091127,0.8522422089131033
ENSG00000091128,0.5320443423547816
ENSG00000091129,0.28666676793718204
ENSG00000091136,0.7275164641599519
ENSG00000091137,0.22867701935944196
ENSG00000091138,0.8498307756613608
ENSG00000091140,0.8417331210582144
ENSG00000091157,0.5836567509092419
ENSG00000091164,0.7431075986931349
ENSG00000091181,0.2685895784895663
ENSG00000091262,0.3508538778242457
ENSG00000091317,0.3317694933847267
ENSG00000091409,0.3870549250265507
ENSG00000091428,0.9134171144028537
ENSG00000091436,0.4165897101255054
ENSG00000091482,0.6868015617407539
ENSG00000091483,0.6348220886966875
ENSG00000091490,0.11641925543523302
ENSG00000091513,0.21642443587470894
ENSG00000091527,0.2956157293955358
ENSG00000091536,0.4039195620788799
ENSG00000091542,0.8765165768309868
ENSG00000091583,0.17829324853322093
ENSG00000091592,0.24282578167365643
ENSG00000091622,0.6357469261345137
ENSG00000091640,0.8032982175805766
ENSG00000091651,0.19862231090836457
ENSG00000091656,0.19568586370725116
ENSG00000091732,5.776235142751496e-05
ENSG00000091831,0.26386346495289303
ENSG00000091844,0.8490716260675031
ENSG00000091879,0.20721118061213883
ENSG00000091947,0.8238314720011941
ENSG00000091972,0.35834824753096384
ENSG00000091986,0.191964544999763
ENSG00000092010,0.9074792890641227
ENSG00000092020,0.30257847292045215
ENSG00000092036,0.787446492630295
ENSG00000092051,0.35743309389754163
ENSG00000092054,0.20485621829855327
ENSG00000092067,0.2838689530960201
ENSG00000092068,0.5611695407832787
ENSG00000092094,0.645727821944647
ENSG00000092096,0.7540843803230944
ENSG00000092098,0.5075775433140428
ENSG00000092108,0.37436769546256865
ENSG00000092140,0.3776987441077656
ENSG00000092148,0.8602660535270596
ENSG00000092199,0.4500349004557297
ENSG00000092200,0.5120529796581453
ENSG00000092201,0.4635282633475928
ENSG00000092203,0.5656910287919918
ENSG00000092208,0.1325183927111464
ENSG00000092295,0.4107012516384485
ENSG00000092330,0.6044179203323133
ENSG00000092421,0.1622046014574332
ENSG00000092439,0.45227060766692506
ENSG00000092445,0.6586587016783634
ENSG00000092470,0.9596070367525804
ENSG00000092529,0.14070588612332136
ENSG00000092531,0.39341200602059756
ENSG00000092607,0.7290890677452164
ENSG00000092621,0.5203255551952206
ENSG00000092758,0.5821706564796268
ENSG00000092820,0.8320849180190644
ENSG00000092841,0.08657806016759173
ENSG00000092847,0.46583579784636175
ENSG00000092850,0.3064858245042469
ENSG00000092853,0.6750893623714131
ENSG00000092871,0.37010562728194596
ENSG00000092929,0.0002548337610750462
ENSG00000092931,0.5181005980525744
ENSG00000092964,0.8766147719825715
ENSG00000092969,0.42581974974091963
ENSG00000092978,0.7847226432131715
ENSG00000093000,3.79318798593431e-12
ENSG00000093009,0.425993563641922
ENSG00000093010,0.8728983140399029
ENSG00000093072,0.257855515956273
ENSG00000093100,0.46439331610766943
ENSG00000093134,0.00023783401513677305
ENSG00000093144,0.7330785980290446
ENSG00000093167,0.24546456892827462
ENSG00000093183,0.8094709630722957
ENSG00000093217,0.6224168603499751
ENSG00000094631,0.17174761853453024
ENSG00000094755,0.8772479697847514
ENSG00000094804,0.739088014495694
ENSG00000094841,0.384549794194351
ENSG00000094880,0.2948667386064501
ENSG00000094914,0.5252943445020217
ENSG00000094916,0.4997324461811661
ENSG00000094963,0.6265229649707922
ENSG00000094975,0.4578826419557297
ENSG00000095002,0.00975909117199536
ENSG00000095015,0.5418872763495809
ENSG00000095059,0.6370159748676623
ENSG00000095066,0.001050102837163669
ENSG00000095110,0.2965149037917695
ENSG00000095139,0.30388709100100464
ENSG00000095203,0.830929890041012
ENSG00000095209,0.8355528196426606
ENSG00000095261,0.5460690041980071
ENSG00000095303,0.7293217730393697
ENSG00000095319,0.7502085777747053
ENSG00000095321,0.6332328153436103
ENSG00000095370,0.39925299631270195
ENSG00000095380,0.6974332113573862
ENSG00000095383,0.3025755843447193
ENSG00000095397,0.8405144929908642
ENSG00000095464,0.3543461762155449
ENSG00000095485,0.26949965722625235
ENSG00000095539,0.19783133902449768
ENSG00000095564,0.37756660723074553
ENSG00000095574,0.20150812330762435
ENSG00000095585,0.732533276008547
ENSG00000095587,0.3692323116389926
ENSG00000095596,0.15395163725750272
ENSG00000095627,0.10706729950099336
ENSG00000095637,0.8383615326933138
ENSG00000095713,0.48526433517152157
ENSG00000095739,0.4798754914556448
ENSG00000095752,0.029807659887043148
ENSG00000095777,0.9139763505057941
ENSG00000095787,0.3068844011775158
ENSG00000095794,0.12578647686538447
ENSG00000095906,0.3448481708561649
ENSG00000095917,0.14720137661806454
ENSG00000095932,0.18944132340158315
ENSG00000095951,0.3982207957703199
ENSG00000095970,0.4955048969514184
ENSG00000096060,0.7152883254137876
ENSG00000096063,0.7136111400376066
ENSG00000096070,0.6690714424374751
ENSG00000096080,0.26054405394742386
ENSG00000096088,0.6838661784369818
ENSG00000096092,0.23890734183152473
ENSG00000096093,0.3135679732134552
ENSG00000096384,0.45415333997191165
ENSG00000096401,0.24267282767012321
ENSG00000096433,0.27502211437887836
ENSG00000096654,0.2159306895195664
ENSG00000096696,0.1291203203671284
ENSG00000096717,0.3470922826321853
ENSG00000096746,0.38925284159414586
ENSG00000096872,0.5035448750168021
ENSG00000096968,0.831256587594257
ENSG00000096996,0.8639025625953778
ENSG00000097007,0.7000520592304371
ENSG00000097021,0.3847426937853369
ENSG00000097033,0.7440375902803991
ENSG00000097046,0.8551481750916876
ENSG00000097096,0.25852785071559836
ENSG00000099139,0.7987536179994227
ENSG00000099194,0.22572668155715536
ENSG00000099203,0.255123618165112
ENSG00000099204,0.7267458938215634
ENSG00000099219,0.4771693000643996
ENSG00000099246,0.2907634021101708
ENSG00000099250,0.3545940298425079
ENSG00000099251,0.0473652784456462
ENSG00000099256,0.35686942046144887
ENSG00000099260,0.2643400815734246
ENSG00000099282,0.8034183494071181
ENSG00000099284,0.32108483941190624
ENSG00000099290,0.33027171147235135
ENSG00000099308,0.12954972874992443
ENSG00000099326,0.19885517916166962
ENSG00000099330,0.44048622957525096
ENSG00000099331,0.348761420603489
ENSG00000099337,0.8144285335201875
ENSG00000099338,0.5634956584974329
ENSG00000099341,0.00041133251630209866
ENSG00000099364,0.5755840030511441
ENSG00000099365,0.39356489917141146
ENSG00000099377,0.3460843574917506
