ensmbl,1,2,sigmoidal
ENSG00000002745,0.9149619047619049,0.9780713596914175,0.987656107373038
ENSG00000005981,0.5868749999999998,0.8649108589951375,0.630225452902358
ENSG00000006071,0.4124479166666668,0.810544747081712,0.6071274528506255
ENSG00000006377,0.561414913957935,0.8613079470198675,0.7413658658119187
ENSG00000009694,0.7649543676662321,0.9666666666666667,0.9806710487947123
ENSG00000016082,0.8513879408418658,0.9878604651162791,0.9618419494002698
ENSG00000018280,0.5690808823529411,0.9136685552407932,0.893402363924947
ENSG00000019169,0.7276420454545454,0.9354853801169589,0.8797564062510073
ENSG00000021826,0.5868749999999998,0.8649108589951375,0.6681618291338355
ENSG00000027644,0.807781862745098,0.9780713596914175,0.9852864751105523
ENSG00000028277,0.6093132328308206,0.934236641221374,0.7995352278655519
ENSG00000033122,0.6756250000000001,0.9354853801169589,0.7085934595631302
ENSG00000033170,0.1331999999999933,0.46538461538461495,0.4303549604215034
ENSG00000036530,0.8097205346294047,0.9780713596914175,0.9852864751105523
ENSG00000043591,0.17727272727272597,0.36416666666665737,0.30590620966526516
ENSG00000047617,0.6714263322884014,0.8554515050167224,0.7555654651110094
ENSG00000050438,0.8621358159912378,0.934236641221374,0.8376891934145528
ENSG00000054598,0.6673003194888176,0.8404679376083188,0.7630036219296825
ENSG00000055732,0.2539153439153438,0.7137133550488599,0.5544032757485329
ENSG00000058404,0.9818396624472574,0.992320067739204,0.990786481840391
ENSG00000060656,0.8671488912354804,0.9878952122854562,0.9463084747492767
ENSG00000060709,0.5441749502982108,0.8965789473684209,0.5641028586907284
ENSG00000063015,0.9692281006071118,0.992320067739204,0.987656107373038
ENSG00000064218,0.4394827586206893,0.6714009661835743,0.5371232960657534
ENSG00000064652,0.27364928909952596,0.7137133550488599,0.5516633021571867
ENSG00000066405,0.4333753148614608,0.8386996336996336,0.818934455797697
ENSG00000067048,0.8637259100642399,0.9666666666666667,0.987656107373038
ENSG00000067798,0.9137631327602674,0.9397690531177829,0.8156963784023128
ENSG00000069431,0.5900176991150441,0.7392890995260663,0.6082686403456016
ENSG00000069535,0.3618749999999996,0.7755133928571426,0.7606271825821955
ENSG00000070182,0.5386447638603696,0.8941704035874439,0.8797564062510073
ENSG00000070601,0.9350045662100457,0.992320067739204,0.987656107373038
ENSG00000072182,0.9692281006071118,0.992320067739204,
ENSG00000074211,0.6807633587786261,0.8756982343499198,0.7728981364893192
ENSG00000077264,0.8316178194607268,0.7318933333333334,0.7163016237158828
ENSG00000078177,0.472880184331797,0.6229946524064168,0.44468819350150135
ENSG00000079156,0.7376795580110496,0.7998927038626611,0.809710063520328
ENSG00000079215,0.5900176991150441,0.8941704035874439,0.8405750732893721
ENSG00000079689,0.7276420454545454,0.9586457204767063,0.9361754598362196
ENSG00000080166,0.7649145860709592,0.9354853801169589,0.9806710487947123
ENSG00000080561,0.22597222222222188,0.6376683937823825,0.566583633847956
ENSG00000080854,0.9692281006071118,0.9958003300330033,0.987656107373038
ENSG00000081041,0.8659957627118644,0.9780713596914175,0.9361754598362196
ENSG00000081138,0.7117571428571429,0.9354853801169589,0.9618419494002698
ENSG00000082397,0.7393852459016393,0.9495135746606335,0.894811846626938
ENSG00000082497,0.5386447638603696,0.6714009661835743,0.5258039388606602
ENSG00000083067,0.8827670396744659,0.9916106194690265,0.8893414295834353
ENSG00000084734,0.5212658227848102,0.8404679376083188,0.631096922529965
ENSG00000089101,0.19401639344262167,0.6122413793103438,0.3495521450114414
ENSG00000089199,0.42931122448979614,0.8225283018867924,0.6898925414881871
ENSG00000089692,0.39854285714285737,0.7383456790123455,0.5516633021571867
ENSG00000091129,0.7409620596205961,0.9273107049608355,0.8388770468660222
ENSG00000091513,0.8847082494969819,0.9916106194690265,0.987656107373038
ENSG00000091583,0.918224907063197,0.7137133550488599,0.9256293771021941
ENSG00000092445,0.4855580357142856,0.7756455142231946,0.553839812747452
ENSG00000092850,0.8457191780821919,0.840280701754386,0.7738292538834478
ENSG00000095464,0.6086531986531987,0.8656058158319871,0.7630863327592433
ENSG00000095587,0.6925633383010432,0.8096399999999999,0.7672171978190201
ENSG00000095739,0.7649543676662321,0.9780713596914175,0.7317532234709476
ENSG00000099869,0.5635514018691588,0.9161338797814208,0.896273545186756
ENSG00000099985,0.8637259100642399,0.9878604651162791,
ENSG00000100156,0.5168008474576269,0.8906853582554516,0.8723433912665134
ENSG00000100342,0.16946666666666665,0.5628070175438596,0.630225452902358
ENSG00000101265,0.9041748526522593,0.9405997693194924,0.9361754598362196
ENSG00000101298,0.807781862745098,0.9780713596914175,0.9361754598362196
ENSG00000101307,0.9569476486246673,0.9958003300330033,0.987656107373038
ENSG00000101746,0.5118279569892473,0.8504915254237287,0.6694920556589974
ENSG00000101846,0.38301492537313425,0.7318933333333334,0.6005707252742638
ENSG00000103253,0.29951851851851824,0.7318933333333334,0.4668536833985606
ENSG00000103544,0.9161661945231351,0.992320067739204,0.8341525219203322
ENSG00000103569,0.8836290322580644,0.9161338797814208,0.9634598339021702
ENSG00000104043,0.34716612377850165,0.7318933333333334,0.5480023857274787
ENSG00000104327,0.29545454545454536,0.7222118380062302,0.4907177663532573
ENSG00000104756,0.17902173913043493,0.5628070175438596,0.25826689472101927
ENSG00000104804,0.8560308710033077,0.9878952122854562,0.987656107373038
ENSG00000104899,0.22587412587412617,0.2016666666666416,0.25339742683444233
ENSG00000104901,0.9828655462184874,0.9958003300330033,0.9912235648208142
ENSG00000104918,0.9104976076555024,0.9878952122854562,0.987656107373038
ENSG00000105352,0.7504832214765099,0.9486643835616438,0.7708231192547048
ENSG00000105697,0.793073047858942,0.934236641221374,0.8686399696059905
ENSG00000105877,0.5605859375,0.8040724946695097,0.7317532234709476
ENSG00000105880,0.9938733552631579,0.9414925373134329,0.9956827139694233
ENSG00000105929,0.928045871559633,0.9354853801169589,0.987656107373038
ENSG00000107159,0.12647058823529145,0.2599999999999951,0.13573760385579947
ENSG00000107831,0.25398963730569946,0.6229946524064168,0.3711711937693978
ENSG00000107984,0.5660555555555554,0.9161338797814208,0.893402363924947
ENSG00000108342,0.8556599552572707,0.9878952122854562,0.9066637998208761
ENSG00000108405,0.5913636363636362,0.8945427728613569,0.8797564062510073
ENSG00000109072,0.8637259100642399,0.9878952122854562,0.987656107373038
ENSG00000109158,0.9104976076555024,0.9323704663212433,0.987656107373038
ENSG00000109758,0.9161661945231351,0.992320067739204,0.987656107373038
ENSG00000109794,0.15676923076922988,0.5628070175438596,0.43069810490779653
ENSG00000110427,0.29545454545454536,0.7137133550488599,0.6071274528506255
ENSG00000110436,0.9721720613287904,0.9666666666666667,0.987656107373038
ENSG00000110665,0.691924812030075,0.9161338797814208,0.8715415143850401
ENSG00000110719,0.7832994923857869,0.9780713596914175,0.894811846626938
ENSG00000111536,0.8422196796338671,0.985550284629981,0.987656107373038
ENSG00000111674,0.1423076923076933,0.5628070175438596,0.13573760385579947
ENSG00000111678,0.1922881355932204,0.6105813953488372,0.9361754598362196
ENSG00000111834,0.5133901918976547,0.8586811352253755,0.5516633021571867
ENSG00000111860,0.15676923076922988,0.5628070175438596,0.43069810490779653
ENSG00000111962,0.5913636363636362,0.9241952506596305,0.809350303107246
ENSG00000112208,0.1331999999999933,0.537777777777775,0.2153774011180709
ENSG00000112964,0.6925633383010432,0.7383456790123455,0.6373828466076972
ENSG00000113296,0.8101809408926418,0.9818303145853193,0.8938227709240453
ENSG00000113749,0.6797067901234567,0.9154289732770744,0.7897793233504945
ENSG00000115353,0.7574236387782204,0.9136685552407932,0.8808032459229527
ENSG00000115414,0.918224907063197,0.934236641221374,0.987656107373038
ENSG00000115507,0.23876404494382034,0.5628070175438596,0.43069810490779653
ENSG00000115596,0.807781862745098,0.9780713596914175,0.8960884885069287
ENSG00000115705,0.4097612732095489,0.8089894736842103,0.6295151514670868
ENSG00000115844,0.46588785046728987,0.7691784037558687,0.7686221978336942
ENSG00000116106,0.4281025641025639,0.7137133550488599,0.5570175840127064
ENSG00000116141,0.9944946589975349,0.7318933333333334,0.9961240472994968
ENSG00000116147,0.5441749502982108,0.8649108589951375,0.8846219257405792
ENSG00000116329,0.951057347670251,0.9878952122854562,0.987656107373038
ENSG00000116711,0.14409090909090633,0.4595238095238118,0.3270981171177277
ENSG00000117016,0.43734335839598976,0.8046822033898304,0.5892951115968225
ENSG00000117215,0.78147582697201,0.9780713596914175,0.7413658658119187
ENSG00000117461,0.4394827586206893,0.7736046511627905,0.6005707252742638
ENSG00000118113,0.7117571428571429,0.9354853801169589,0.8875366776912392
ENSG00000118432,0.9692281006071118,0.9958003300330033,0.987656107373038
ENSG00000118514,0.7305469845722299,0.9354853801169589,0.7413658658119187
ENSG00000119943,0.4097612732095489,0.7392890995260663,0.6158769560934967
ENSG00000120129,0.9161661945231351,0.9898476702508959,0.987656107373038
ENSG00000120149,0.2833181818181817,0.609272727272727,0.3495521450114414
ENSG00000120322,0.9905735660847881,0.9397690531177829,0.9935313914225268
ENSG00000120457,0.7108442503639011,0.9569532100108814,0.7728981364893192
ENSG00000120875,0.24300546448087362,0.7137133550488599,0.3765115306952914
ENSG00000121075,0.8101809408926418,0.9354853801169589,0.662059498728367
ENSG00000121764,0.7117571428571429,0.934236641221374,0.8341525219203322
ENSG00000123338,0.5267714884696015,0.8822503961965134,0.5371232960657534
ENSG00000123454,0.7483153638814016,0.9739517819706499,0.900439639463915
ENSG00000123901,0.8637259100642399,0.9397690531177829,0.8797564062510073
ENSG00000124143,0.7504832214765099,0.840280701754386,0.809710063520328
ENSG00000124466,0.7649543676662321,0.9497330367074527,0.8762302603861546
ENSG00000124678,0.6093132328308206,0.8941704035874439,0.7555654651110094
ENSG00000124731,0.5406762295081968,0.8662903225806452,0.7555654651110094
ENSG00000125355,0.8559106145251397,0.9354853801169589,0.8762302603861546
ENSG00000125675,0.8237988165680471,0.9486643835616438,0.8388770468660222
ENSG00000125787,0.5635514018691588,0.8941704035874439,0.5672388961131446
ENSG00000125848,0.22587412587412617,0.6095266272189349,0.462139190802072
ENSG00000125931,0.12647058823529145,0.2016666666666416,0.16017037254984787
ENSG00000126878,0.4097612732095489,0.8103557312252965,0.5516633021571867
ENSG00000127124,0.29545454545454536,0.609272727272727,0.5516633021571867
ENSG00000127585,0.19088495575221182,0.609272727272727,0.5371232960657534
ENSG00000127863,0.9104976076555024,0.9780713596914175,0.8797564062510073
ENSG00000127954,0.7305469845722299,0.9136685552407932,0.8520863239243444
ENSG00000127955,0.30850909090909046,0.5739130434782603,0.5258039388606602
ENSG00000128285,0.6714263322884014,0.9397690531177829,0.9451046827475253
ENSG00000128335,0.4097612732095489,0.810544747081712,0.9852864751105523
ENSG00000128512,0.5613320463320463,0.7383456790123455,0.6873388145612324
ENSG00000128573,0.9086986301369864,0.9829904761904762,0.9657307593022506
ENSG00000128610,0.17902173913043493,0.5850793650793651,0.2129723004497527
ENSG00000128683,0.14765957446808198,0.5628070175438596,0.2304076571572688
ENSG00000129151,0.6011714770797963,0.8944230769230769,0.7317532234709476
ENSG00000129437,0.7669610389610391,0.9780713596914175,0.7672171978190201
ENSG00000129946,0.7589668874172185,0.9354853801169589,0.894811846626938
ENSG00000129990,0.8827533265097236,0.9878952122854562,0.987656107373038
ENSG00000130600,0.4840492170022371,0.840280701754386,0.5947702418363842
ENSG00000131015,0.1331999999999933,0.5268571428571429,0.30590620966526516
ENSG00000131055,0.7574236387782204,0.9604394426580922,0.8341525219203322
ENSG00000131620,0.12647058823529145,0.4595238095238118,0.5598884459329989
ENSG00000132199,0.1720238095238093,0.5628070175438596,0.2304076571572688
ENSG00000132329,0.5683948339483395,0.8096399999999999,0.8875366776912392
ENSG00000132514,0.9751353637901862,0.9739517819706499,
ENSG00000132938,0.78147582697201,0.9354853801169589,0.6158769560934967
ENSG00000133433,0.83459584295612,0.7318933333333334,0.8723433912665134
ENSG00000133519,0.4660930232558138,0.840280701754386,0.669857435013146
ENSG00000133636,0.9196388888888888,0.9354853801169589,0.9066637998208761
ENSG00000133943,0.19299999999999937,0.6122413793103438,0.38537563598525576
ENSG00000133985,0.2845535714285714,0.7137133550488599,0.5291097552547571
ENSG00000134317,0.4769318181818182,0.826672932330827,0.5516633021571867
ENSG00000134324,0.2874576271186441,0.5628070175438596,0.4161714934218834
ENSG00000134504,0.09999999999995057,0.2016666666666416,0.12329499016902346
ENSG00000134551,0.8637259100642399,0.9878604651162791,0.987656107373038
ENSG00000134574,0.29684210526315746,0.7243413173652692,0.5578516097288398
ENSG00000134762,0.6011714770797963,0.840280701754386,0.7329490129273752
ENSG00000135046,0.40953038674033126,0.7691784037558687,0.8797564062510073
ENSG00000135063,0.8637259100642399,0.9530176211453744,0.9586157896697289
ENSG00000135111,0.39351744186046467,0.7137133550488599,0.5367473528814022
ENSG00000135477,0.22587412587412617,0.6659405940594055,0.56932710254322
ENSG00000135679,0.3409570957095709,0.7392890995260663,0.5672388961131446
ENSG00000136011,0.8637259100642399,0.9878604651162791,0.833581246209551
ENSG00000136231,0.2845535714285714,0.7221875,0.5516633021571867
ENSG00000136244,0.8694648478488981,0.9780713596914175,0.9255092883988983
ENSG00000136634,0.6286371100164203,0.9354853801169589,0.5672388961131446
ENSG00000136881,0.9851963241436925,0.8944230769230769,0.9922247022107251
ENSG00000137198,0.14765957446808198,0.5628070175438596,0.29612755194129536
ENSG00000137203,0.15676923076922988,0.5628070175438596,0.25339742683444233
ENSG00000137261,0.83459584295612,0.9586457204767063,0.9451046827475253
ENSG00000137285,0.5386447638603696,0.8864724409448819,0.6450472157479366
ENSG00000137441,0.42064267352185086,0.810544747081712,0.5592608210478078
ENSG00000137699,0.9721720613287904,0.9916106194690265,0.8828819818285057
ENSG00000137731,0.83459584295612,0.8046822033898304,0.8455823820121245
ENSG00000137941,0.8097205346294047,0.9818303145853193,0.9852864751105523
ENSG00000138759,0.5635514018691588,0.9136685552407932,0.7077944530720568
ENSG00000138792,0.7305469845722299,0.8934263565891474,0.7781572724212924
ENSG00000139364,0.4097612732095489,0.7318933333333334,0.5072919279586615
ENSG00000139572,0.8316178194607268,0.9780713596914175,0.8341525219203322
ENSG00000140254,0.9904409317803661,0.9884649910233393,0.9935313914225268
ENSG00000140522,0.8230310262529833,0.9354853801169589,0.9205106774787523
ENSG00000141258,0.7409620596205961,0.9497330367074527,0.818934455797697
ENSG00000141665,0.8415252293577982,0.934236641221374,0.987656107373038
ENSG00000141668,0.9692281006071118,0.8096399999999999,0.987656107373038
ENSG00000142549,0.8556599552572707,0.9354853801169589,0.8341525219203322
ENSG00000142583,0.23311258278145675,0.609272727272727,0.5752275549447239
ENSG00000142733,0.2408791208791205,0.7137133550488599,0.3947533150940691
ENSG00000143546,0.7764999999999999,0.9354853801169589,0.9391848656381615
ENSG00000143552,0.8040248447204967,0.9780713596914175,0.9852864751105523
ENSG00000144214,0.31955017301038063,0.7383456790123455,0.4303549604215034
ENSG00000144230,0.6011714770797963,0.8906853582554516,0.5516633021571867
ENSG00000144355,0.18468750000000042,0.5739655172413791,0.3787397282585861
ENSG00000144406,0.793073047858942,0.8384269662921346,
ENSG00000144452,0.4305808080808081,0.8386996336996336,0.5790805717436404
ENSG00000144671,0.9692281006071118,0.9569532100108814,0.987656107373038
ENSG00000144802,0.9150380228136881,0.9916106194690265,0.9657307593022506
ENSG00000144908,0.5643843283582087,0.8416089965397924,0.6158769560934967
ENSG00000145491,0.7589668874172185,0.9754649947753394,0.9806406653341817
ENSG00000145632,0.289274193548387,0.7137133550488599,0.4786576602336531
ENSG00000145708,0.9179924953095685,0.963340471092077,0.987656107373038
ENSG00000145808,0.6797067901234567,0.9486643835616438,0.9481822670987669
ENSG00000145860,0.2852136752136747,0.7221875,0.4668536833985606
ENSG00000146005,0.45163069544364504,0.7743181818181818,0.6005707252742638
ENSG00000147257,0.289274193548387,0.6229946524064168,0.4303549604215034
ENSG00000147606,0.990308076602831,0.9136685552407932,0.9935313914225268
ENSG00000148123,0.8547528089887642,0.8964359351988217,0.8965821898124524
ENSG00000148677,0.8457191780821919,0.9241952506596305,0.900439639463915
ENSG00000149289,0.15676923076922988,0.5628070175438596,0.3352379471228626
ENSG00000149488,0.7117571428571429,0.9197724230254352,0.7606998038021969
ENSG00000150551,0.857530186608123,0.9604394426580922,0.9618419494002698
ENSG00000150783,0.4124479166666668,0.7137133550488599,0.5356020307540278
ENSG00000151025,0.32695945945945937,0.7318933333333334,0.5258039388606602
ENSG00000152932,0.9161661945231351,0.7137133550488599,0.987656107373038
ENSG00000152969,0.6797067901234567,0.7770742358078601,0.6943781186494276
ENSG00000153086,0.8836290322580644,0.9666666666666667,0.987656107373038
ENSG00000153446,0.8774560496380558,0.9354853801169589,0.8797564062510073
ENSG00000154258,0.8777286742034942,0.9282314694408321,0.9134905186169765
ENSG00000154262,0.9041748526522593,0.9780713596914175,0.987656107373038
ENSG00000154263,0.3566025641025639,0.7137133550488599,0.5480023857274787
ENSG00000154310,0.14409090909090633,0.5628070175438596,0.40073442592882746
ENSG00000154856,0.5386447638603696,0.7880260303687635,0.5837785118856369
ENSG00000154917,0.9196388888888888,0.9958003300330033,0.987656107373038
ENSG00000154975,0.8636502732240436,0.9414925373134329,0.987656107373038
ENSG00000155966,0.4769318181818182,0.8096399999999999,0.8455823820121245
ENSG00000156049,0.7304667609618104,0.8965789473684209,0.7672171978190201
ENSG00000156219,0.5635514018691588,0.8096399999999999,0.662059498728367
ENSG00000156687,0.7041481481481481,0.9197724230254352,0.9591493041626955
ENSG00000157542,0.83459584295612,0.9780713596914175,0.987656107373038
ENSG00000157765,0.29545454545454536,0.7137133550488599,0.5805102131483612
ENSG00000157851,0.8422196796338671,0.9780713596914175,0.987656107373038
ENSG00000158089,0.8827533265097236,0.9780713596914175,0.809710063520328
ENSG00000160307,0.9104976076555024,0.9878952122854562,0.986817585692407
ENSG00000160323,0.8836290322580644,0.9878604651162791,0.9255092883988983
ENSG00000160838,0.9041748526522593,0.992320067739204,0.987656107373038
ENSG00000161640,0.9907419620774938,0.9958003300330033,0.9935313914225268
ENSG00000161642,0.6011714770797963,0.8965789473684209,0.7842809022784998
ENSG00000161798,0.5705484460694698,0.9136685552407932,0.710439645066709
ENSG00000162004,0.9692281006071118,0.9958003300330033,0.987656107373038
ENSG00000162068,0.8237988165680471,0.9818303145853193,0.9870815149358616
ENSG00000162188,0.8560308710033077,0.9878952122854562,0.9505341137018493
ENSG00000162490,0.7117571428571429,0.9354853801169589,0.8363019108708473
ENSG00000162630,0.83459584295612,0.9849382716049383,0.9852864751105523
ENSG00000162654,0.3665337423312881,0.7754035874439459,0.7413658658119187
ENSG00000162669,0.9692281006071118,0.9136685552407932,0.987656107373038
ENSG00000162728,0.8324795321637427,0.9765484880083419,0.987656107373038
ENSG00000162840,0.5635514018691588,0.9161338797814208,0.6920776870734547
ENSG00000162877,0.9710603448275862,0.9780713596914175,0.987656107373038
ENSG00000162913,0.9104976076555024,0.9878604651162791,0.987656107373038
ENSG00000162946,0.15676923076922988,0.5628070175438596,0.2304076571572688
ENSG00000163053,0.4124479166666668,0.7392890995260663,0.49213472385313284
ENSG00000163083,0.691924812030075,0.8649108589951375,0.987656107373038
ENSG00000163132,0.7393852459016393,0.9465252293577981,0.8196006192818014
ENSG00000163273,0.7574236387782204,0.8139463601532565,0.650646418482442
ENSG00000163288,0.9146425166825548,0.8941704035874439,0.9618419494002698
ENSG00000163331,0.9086287952987266,0.8649108589951375,0.8341525219203322
ENSG00000163629,0.24005586592178735,0.609272727272727,0.5578516097288398
ENSG00000163710,0.7304667609618104,0.9594708423326133,0.9618419494002698
ENSG00000163873,0.9104976076555024,0.992320067739204,0.987656107373038
ENSG00000164049,0.807781862745098,0.7318933333333334,0.6943781186494276
ENSG00000164070,0.12647058823529145,0.46538461538461495,0.10383926694970341
ENSG00000164136,0.27890410958904044,0.7137133550488599,0.5638925162428056
ENSG00000164418,0.9104976076555024,0.992320067739204,0.987656107373038
ENSG00000164509,0.9104976076555024,0.9354853801169589,0.987656107373038
ENSG00000164604,0.9104976076555024,0.9780713596914175,0.9806710487947123
ENSG00000164764,0.3475974025974025,0.7137133550488599,0.5356020307540278
ENSG00000164920,0.15339285714285572,0.5628070175438596,0.20574963110774522
ENSG00000165023,0.8175750300120048,0.9739517819706499,0.9866606196588316
ENSG00000165092,0.5463438735177863,0.8096399999999999,0.6831069495144146
ENSG00000165309,0.7117571428571429,0.8103557312252965,0.8663605653619569
ENSG00000165731,0.8637259100642399,0.9780713596914175,0.9591493041626955
ENSG00000165810,0.2053906249999999,0.609272727272727,0.3352379471228626
ENSG00000165917,0.928045871559633,0.992320067739204,0.9066637998208761
ENSG00000165935,0.23876404494382034,0.6792056074766348,0.4303549604215034
ENSG00000166106,0.23876404494382034,0.6626767676767679,0.43069810490779653
ENSG00000166148,0.45505966587112157,0.840280701754386,0.7738292538834478
ENSG00000166396,0.4450121065375303,0.840280701754386,0.8310085732375095
ENSG00000166501,0.27364928909952596,0.6940178571428568,0.3495521450114414
ENSG00000166523,0.762157894736842,0.9193396226415094,0.8940352608090563
ENSG00000166578,0.5635514018691588,0.7137133550488599,0.56932710254322
ENSG00000166664,0.27364928909952596,0.7137133550488599,0.4600925795150145
ENSG00000166736,0.78147582697201,0.9666666666666667,0.7728981364893192
ENSG00000167656,0.8237988165680471,0.9161338797814208,0.8723433912665134
ENSG00000167768,0.9907419620774938,0.9780713596914175,0.9935313914225268
ENSG00000167772,0.289274193548387,0.7137133550488599,0.5821745906550594
ENSG00000167874,0.8774560496380558,0.9780713596914175,0.8875366776912392
ENSG00000167912,0.3749848024316108,0.7318933333333334,0.5453168933851595
ENSG00000168491,0.941365280289331,0.9354853801169589,0.9620097873271154
ENSG00000168502,0.4124479166666668,0.8096399999999999,0.4886107233532958
ENSG00000168539,0.5913636363636362,0.8649108589951375,0.8797564062510073
ENSG00000168631,0.13866666666666508,0.5418918918918936,0.2304076571572688
ENSG00000168779,0.5462698412698411,0.8103557312252965,0.5371232960657534
ENSG00000168874,0.6714263322884014,0.9354853801169589,0.9361754598362196
ENSG00000168878,0.7108442503639011,0.9354853801169589,0.6433345433656478
ENSG00000169313,0.6714263322884014,0.8386996336996336,0.7781572724212924
ENSG00000169429,0.891125498007968,0.9591243243243243,0.9852864751105523
ENSG00000169508,0.5441749502982108,0.8941704035874439,0.7728981364893192
ENSG00000169783,0.9169150943396226,0.9488141391106043,0.9505341137018493
ENSG00000169860,0.22074074074074015,0.609272727272727,0.43069810490779653
ENSG00000169903,0.3985386819484237,0.8096399999999999,0.511084525753068
ENSG00000170017,0.23120805369127514,0.6095294117647052,0.3495521450114414
ENSG00000170122,0.16946666666666665,0.5628070175438596,0.3352379471228626
ENSG00000170175,0.5463438735177863,0.774683257918552,0.7317532234709476
ENSG00000170323,0.5635514018691588,0.8944230769230769,0.6694920556589974
ENSG00000170396,0.4579529411764705,0.8422680412371132,0.5516633021571867
ENSG00000170627,0.6011714770797963,0.9276401564537158,0.5672388961131446
ENSG00000170775,0.9217467652495378,0.9958003300330033,0.9066637998208761
ENSG00000170921,0.14533333333333145,0.5628070175438596,0.3270981171177277
ENSG00000171189,0.5949563699825479,0.8471843003412969,0.6005707252742638
ENSG00000171388,0.9846404682274247,0.9161338797814208,0.8965821898124524
ENSG00000171450,0.8155168269230768,0.9780713596914175,0.8624808377996167
ENSG00000171722,0.918224907063197,0.9958003300330033,0.9806710487947123
ENSG00000171790,0.8870440881763527,0.992320067739204,0.9361754598362196
ENSG00000171791,0.4450121065375303,0.8040724946695097,0.631096922529965
ENSG00000171811,0.1790322580645159,0.560975609756095,0.3270981171177277
ENSG00000172379,0.6331967213114752,0.9354853801169589,0.9205106774787523
ENSG00000172382,0.40777158774373234,0.7383456790123455,0.7317532234709476
ENSG00000172508,0.6067622259696457,0.9161338797814208,0.7737043419780589
ENSG00000172602,0.23876404494382034,0.5628070175438596,0.43069810490779653
ENSG00000172971,0.918224907063197,0.992320067739204,0.987656107373038
ENSG00000173208,0.23876404494382034,0.7137133550488599,0.47604461676589815
ENSG00000173210,0.6431612903225806,0.8818759936406995,0.7877383155510784
ENSG00000173662,0.960992028343667,0.9963127572016462,0.987656107373038
ENSG00000173706,0.9096487804878048,0.9780713596914175,0.8690892405677386
ENSG00000174145,0.9692281006071118,0.9273107049608355,0.987656107373038
ENSG00000174460,0.7727037516170764,0.9354853801169589,0.7947686223411226
ENSG00000174498,0.900980198019802,0.9878604651162791,0.987656107373038
ENSG00000174502,0.25398963730569946,0.7137133550488599,0.3352379471228626
ENSG00000174521,0.1710975609756094,0.5628070175438596,0.2768439338342562
ENSG00000174576,0.7420270270270272,0.8149809160305342,0.7630863327592433
ENSG00000174600,0.628578512396694,0.9354853801169589,0.5821745906550594
ENSG00000174899,0.6714263322884014,0.8422680412371132,0.8520863239243444
ENSG00000175175,0.9540945584299731,0.8613079470198675,0.987656107373038
ENSG00000175564,0.7376795580110496,0.973013698630137,0.8156963784023128
ENSG00000175874,0.25048128342245884,0.7137133550488599,0.25565739823001665
ENSG00000175985,0.6011714770797963,0.9294675324675324,0.5672388961131446
ENSG00000176956,0.5386447638603696,0.7743181818181818,0.5821745906550594
ENSG00000177000,0.3600315457413245,0.7383456790123455,0.4300716902535448
ENSG00000177112,0.9104976076555024,0.992320067739204,0.987656107373038
ENSG00000177575,0.3985386819484237,0.8053586497890294,0.5258039388606602
ENSG00000177688,0.8706387434554975,0.9354853801169589,0.8965821898124524
ENSG00000177807,0.7983,0.9495135746606335,0.9205106774787523
ENSG00000177990,0.9947947454844007,0.9958003300330033,0.9963111961687107
ENSG00000178217,0.5386447638603696,0.8649108589951375,0.8797564062510073
ENSG00000178404,0.8683034773445732,0.9569532100108814,0.987656107373038
ENSG00000178531,0.5613320463320463,0.9058078602620087,0.7738292538834478
ENSG00000178538,0.5868749999999998,0.919933155080214,0.6158769560934967
ENSG00000178662,0.9041748526522593,0.9898476702508959,0.987656107373038
ENSG00000178776,0.2221323529411767,0.5628070175438596,0.3270981171177277
ENSG00000179148,0.4579529411764705,0.8424013722126928,0.8341525219203322
ENSG00000179388,0.7832994923857869,0.8422680412371132,0.8690892405677386
ENSG00000179542,0.9540945584299731,0.9161338797814208,0.987656107373038
ENSG00000179766,0.4579529411764705,0.7743181818181818,0.5672388961131446
ENSG00000180089,0.7376795580110496,0.9666666666666667,0.8875366776912392
ENSG00000180438,0.83459584295612,0.9530176211453744,0.8156963784023128
ENSG00000180537,0.5868749999999998,0.7322222222222221,0.5672388961131446
ENSG00000180801,0.13866666666666508,0.560975609756095,0.10383926694970341
ENSG00000180815,0.8827670396744659,0.9495135746606335,0.987656107373038
ENSG00000180998,0.5609161793372317,0.8404679376083188,0.631096922529965
ENSG00000181322,0.7040801186943618,0.9136685552407932,0.7995352278655519
ENSG00000181449,0.6807633587786261,0.7392890995260663,0.7084889214021275
ENSG00000181800,0.8324795321637427,0.9600537634408604,0.8770718379875153
ENSG00000181826,0.6011714770797963,0.9161338797814208,0.8655446434813722
ENSG00000182048,0.7117571428571429,0.934236641221374,0.9618419494002698
ENSG00000182103,0.8101809408926418,0.9186216216216214,0.6699375192551492
ENSG00000182240,0.19088495575221182,0.609272727272727,0.4258138906143059
ENSG00000182308,0.8560308710033077,0.9354853801169589,0.9618419494002698
ENSG00000182389,0.7328351955307262,0.8944230769230769,0.8965821898124524
ENSG00000182742,0.27364928909952596,0.5628070175438596,0.34358580975999403
ENSG00000182853,0.561414913957935,0.9017664233576639,0.7413658658119187
ENSG00000182968,0.4394827586206893,0.7221875,0.566583633847956
ENSG00000182985,0.9828655462184874,0.8769871794871794,0.8965821898124524
ENSG00000183831,0.1922881355932204,0.46538461538461495,0.3947533150940691
ENSG00000183878,0.8659957627118644,0.9354853801169589,0.9134905186169765
ENSG00000184206,0.4840224719101121,0.7901077586206893,0.8519313811311442
ENSG00000184349,0.4394827586206893,0.7707494145199061,0.5672388961131446
ENSG00000184486,0.9721720613287904,0.9958003300330033,0.987656107373038
ENSG00000184492,0.23876404494382034,0.6739906103286377,0.33844574608457206
ENSG00000184530,0.34716612377850165,0.7224471299093654,0.5734648650400012
ENSG00000184613,0.8659957627118644,0.9878604651162791,0.8938227709240453
ENSG00000184923,0.4097612732095489,0.8096399999999999,0.5821745906550594
ENSG00000185100,0.8637259100642399,0.9780713596914175,0.8439630764252097
ENSG00000185519,0.9161661945231351,0.992320067739204,0.8341525219203322
ENSG00000185633,0.918224907063197,0.9958003300330033,0.8875366776912392
ENSG00000185674,0.30059040590405856,0.6095266272189349,0.5258039388606602
ENSG00000185689,0.4769318181818182,0.840280701754386,0.824311065181125
ENSG00000185818,0.9738422391857506,0.9989680589680591,0.987656107373038
ENSG00000186081,0.6380357142857142,0.9279947916666665,0.5837785118856369
ENSG00000186094,0.1331999999999933,0.2016666666666416,0.2129723004497527
ENSG00000186354,0.9104976076555024,0.9780713596914175,0.987656107373038
ENSG00000186377,0.4604449648711941,0.8103557312252965,0.5638925162428056
ENSG00000186407,0.5073809523809525,0.8046822033898304,0.5519623356791947
ENSG00000186919,0.6684529505582136,0.7224471299093654,0.6668796323539716
ENSG00000187193,0.17701149425287183,0.5628070175438596,0.3270981171177277
ENSG00000187323,0.5067245119305857,0.5628070175438596,0.482004231291946
ENSG00000187624,0.4450121065375303,0.7799347826086956,0.5516633021571867
ENSG00000187952,0.7376795580110496,0.7137133550488599,0.809710063520328
ENSG00000188064,0.23120805369127514,0.6739906103286377,0.25565739823001665
ENSG00000188257,0.9104976076555024,0.9878952122854562,0.987656107373038
ENSG00000188487,0.9828655462184874,0.9780713596914175,0.9912235648208142
ENSG00000188659,0.5648794063079775,0.8336960600375234,0.5887537384467894
ENSG00000188779,0.3600315457413245,0.7137133550488599,0.631096922529965
ENSG00000188818,0.2852136752136747,0.7221875,0.3495521450114414
ENSG00000189014,0.6061148648648649,0.7137133550488599,0.6005707252742638
ENSG00000189280,0.19959999999999958,0.2016666666666416,0.057688481638753994
ENSG00000196132,0.5868749999999998,0.9161338797814208,0.7095521649176394
ENSG00000196167,0.44901204819277085,0.7743181818181818,0.566583633847956
ENSG00000196353,0.23410256410256286,0.6847247706422014,0.2304076571572688
ENSG00000197106,0.7393852459016393,0.9569532100108814,0.9695648518895527
ENSG00000197119,0.4882666666666664,0.840280701754386,0.7884846588423571
ENSG00000197444,0.4660930232558138,0.6911711711711707,0.4668536833985606
ENSG00000198019,0.6394983818770225,0.934236641221374,0.8156963784023128
ENSG00000198133,0.19088495575221182,0.609272727272727,0.3270981171177277
ENSG00000198216,0.8316178194607268,0.9878604651162791,0.987656107373038
ENSG00000198400,0.8560308710033077,0.8200378787878788,0.8341525219203322
ENSG00000198520,0.5118279569892473,0.8139463601532565,0.5821745906550594
ENSG00000198569,0.8621358159912378,0.9780713596914175,0.7826923725036455
ENSG00000198692,0.8527118644067797,0.9569532100108814,0.9361754598362196
ENSG00000198807,0.13592592592592456,0.5628070175438596,0.2153774011180709
ENSG00000198835,0.9692281006071118,0.9397690531177829,0.9463084747492767
ENSG00000198842,0.6011714770797963,0.8941704035874439,0.7555654651110094
ENSG00000198846,0.22587412587412617,0.609272727272727,0.30283059420229064
ENSG00000198879,0.6591826923076922,0.9354853801169589,0.9361754598362196
ENSG00000198914,0.6807633587786261,0.9354853801169589,0.950354848351278
ENSG00000202533,0.709955882352941,0.9354853801169589,0.7758524829565109
ENSG00000203709,0.824799528301887,0.9780713596914175,0.8700492684056326
ENSG00000203710,0.611371237458194,0.9327684346701165,0.6436794850587305
ENSG00000204052,0.8191966426858512,0.9780713596914175,0.8156963784023128
ENSG00000204248,0.807781862745098,0.9780713596914175,0.9361754598362196
ENSG00000204335,0.9569476486246673,0.9878952122854562,0.8915811132151301
ENSG00000204740,0.30543795620437897,0.4595238095238118,0.30590620966526516
ENSG00000204967,0.9721720613287904,0.8941704035874439,0.987656107373038
ENSG00000205085,0.9692281006071118,0.7755133928571426,0.9391848656381615
ENSG00000205129,0.289274193548387,0.7137133550488599,0.5032895842965831
ENSG00000205482,0.9705877268798617,0.9780713596914175,0.987656107373038
ENSG00000205502,0.7117571428571429,0.875112540192926,0.7253786967924823
ENSG00000206077,0.8560308710033077,0.8096399999999999,0.8341525219203322
ENSG00000206172,0.9692281006071118,0.9497330367074527,0.9634598339021702
ENSG00000208028,0.561414913957935,0.7137133550488599,0.5821745906550594
ENSG00000208772,0.6878636363636362,0.7383456790123455,0.6508307152207449
ENSG00000212371,0.33221476510067083,0.6229946524064168,0.4303549604215034
ENSG00000212743,0.7107782672540381,0.9197724230254352,0.8657998366895067
ENSG00000213123,0.5635514018691588,0.7137133550488599,0.631096922529965
ENSG00000213199,0.2402762430939221,0.7137133550488599,0.4907177663532573
ENSG00000213411,0.9179924953095685,0.9496049661399547,0.987656107373038
ENSG00000213471,0.5705484460694698,0.9154289732770744,0.894811846626938
ENSG00000213906,0.9597074468085106,0.934236641221374,0.9066637998208761
ENSG00000213981,0.7305469845722299,0.9354853801169589,0.8341525219203322
ENSG00000213999,0.9247553093259465,0.934236641221374,0.9248521561539584
ENSG00000214279,0.8101809408926418,0.978604427333975,0.893402363924947
ENSG00000214290,0.289274193548387,0.5850793650793651,0.33844574608457206
ENSG00000214376,0.5413877551020405,0.8103557312252965,0.6086910038423688
ENSG00000214787,0.9907419620774938,0.9780713596914175,0.9935313914225268
ENSG00000215388,0.9703722943722943,0.9958003300330033,0.8828819818285057
ENSG00000215644,0.9907419620774938,0.9958003300330033,0.9935313914225268
ENSG00000215817,0.9721720613287904,0.9958003300330033,
ENSG00000216906,0.918224907063197,0.9884649910233393,0.987656107373038
ENSG00000221818,0.36932721712538186,0.7756455142231946,0.4487621570538821
ENSG00000221887,0.3600315457413245,0.7221875,0.43069810490779653
ENSG00000221926,0.5843194192377494,0.5628070175438596,0.5672388961131446
ENSG00000222448,0.9092773437499999,0.9085507246376809,0.8915860808538707
ENSG00000222898,0.7649543676662321,0.9352350698856416,0.8624808377996167
ENSG00000223401,0.7960902255639098,0.9354853801169589,0.8624808377996167
ENSG00000223764,0.8671488912354804,0.9849382716049383,0.9657307593022506
ENSG00000223849,0.9692281006071118,0.992320067739204,0.987656107373038
ENSG00000224116,0.8739728884254433,0.992320067739204,0.987656107373038
ENSG00000224420,0.4124479166666668,0.7799347826086956,0.7737043419780589
ENSG00000224746,0.8735073068893529,0.9878604651162791,
ENSG00000224897,0.9721720613287904,0.9878604651162791,0.987656107373038
ENSG00000225213,0.8895114656031905,0.9739517819706499,0.9099485406232218
ENSG00000225217,0.5441749502982108,0.8386996336996336,0.8310085732375095
ENSG00000225643,0.83459584295612,0.9878604651162791,0.9134905186169765
ENSG00000225670,0.9041748526522593,0.9354853801169589,0.958278426242528
ENSG00000225756,0.8527118644067797,0.9878952122854562,0.8797564062510073
ENSG00000225886,0.5203805496828752,0.8836808846761453,0.5516633021571867
ENSG00000225951,0.8868273092369479,0.8251600753295667,0.8316655933247948
ENSG00000225986,0.8637259100642399,0.9809683604985618,0.7746553366758236
ENSG00000226259,0.660848,0.6847247706422014,0.7317532234709476
ENSG00000226314,0.5635514018691588,0.8836808846761453,0.6005707252742638
ENSG00000226496,0.2572820512820508,0.609272727272727,0.5068375097060084
ENSG00000226862,0.9692281006071118,0.9963127572016462,0.9134905186169765
ENSG00000226874,0.8415252293577982,0.9780713596914175,0.9618419494002698
ENSG00000227006,0.6909818731117825,0.8944230769230769,0.7732624055934123
ENSG00000227017,0.5499607843137254,0.9085507246376809,0.7317532234709476
ENSG00000227382,0.5441749502982108,0.8941704035874439,0.7317532234709476
ENSG00000227827,0.9448014440433213,0.992320067739204,0.987656107373038
ENSG00000227953,0.8659957627118644,0.9884649910233393,0.9463084747492767
ENSG00000228201,0.9143129770992366,0.9916106194690265,0.9451046827475253
ENSG00000228526,0.4304071246819339,0.8386996336996336,0.5213750025146023
ENSG00000228549,0.7727037516170764,0.9143988684582742,0.8797564062510073
ENSG00000228649,0.3228522336769756,0.7383456790123455,0.6082686403456016
ENSG00000228701,0.7117571428571429,0.9414925373134329,0.9463084747492767
ENSG00000228709,0.33618729096989985,0.7383456790123455,0.4303549604215034
ENSG00000228818,0.6155333333333334,0.9241952506596305,0.7317532234709476
ENSG00000228886,0.9389736603088101,0.9958003300330033,0.987656107373038
ENSG00000229145,0.7483153638814016,0.9569532100108814,0.7781572724212924
ENSG00000229153,0.4579529411764705,0.7137133550488599,0.5672388961131446
ENSG00000229348,0.8731034482758621,0.8504915254237287,0.8723433912665134
ENSG00000229585,0.983151718357083,0.9569532100108814,0.9912634710007431
ENSG00000229728,0.7376795580110496,0.9569532100108814,0.6531564223632655
ENSG00000229807,0.9721720613287904,0.9241952506596305,0.9866606196588316
ENSG00000229867,0.9376025524156791,0.9849382716049383,0.9205106774787523
ENSG00000229950,0.1922881355932204,0.609272727272727,0.3352379471228626
ENSG00000230202,0.9710603448275862,0.9161338797814208,0.987656107373038
ENSG00000230316,0.27364928909952596,0.7137133550488599,0.3495521450114414
ENSG00000230606,0.4097612732095489,0.5850793650793651,0.5260852732899886
ENSG00000230701,0.634075286415712,0.9354853801169589,0.7882411737728685
ENSG00000230730,0.941365280289331,0.992320067739204,0.987656107373038
ENSG00000231007,0.8357670126874279,0.9878604651162791,0.7606998038021969
ENSG00000231105,0.801159600997506,0.9780713596914175,0.7606998038021969
ENSG00000231764,0.2852136752136747,0.7224471299093654,0.662059498728367
ENSG00000232022,0.8659957627118644,0.9916106194690265,0.8310085732375095
ENSG00000232027,0.7198716119828815,0.8941704035874439,0.7781572724212924
ENSG00000232118,0.8895114656031905,0.9878952122854562,0.9618419494002698
ENSG00000232203,0.5386447638603696,0.8941704035874439,0.8797564062510073
ENSG00000232311,0.9104976076555024,0.992320067739204,0.8376891934145528
ENSG00000232352,0.8155168269230768,0.7743181818181818,0.7253786967924823
ENSG00000232480,0.8870440881763527,0.9273107049608355,0.8455823820121245
ENSG00000232712,0.6011714770797963,0.8096399999999999,0.7762843926162342
ENSG00000232725,0.6739123630672926,0.9354853801169589,0.8341525219203322
ENSG00000232729,0.8827533265097236,0.992320067739204,0.987656107373038
ENSG00000232814,0.9907419620774938,0.9959686727122836,0.9935313914225268
ENSG00000233024,0.9198704902867715,0.9916106194690265,0.987656107373038
ENSG00000233198,0.8560308710033077,0.9354853801169589,0.8286752747483697
ENSG00000233237,0.7936100628930817,0.9780713596914175,0.9852864751105523
ENSG00000233757,0.3642461538461535,0.7318933333333334,0.5892951115968225
ENSG00000234290,0.8527118644067797,0.9780713596914175,0.987656107373038
ENSG00000234546,0.4987252747252747,0.8096399999999999,0.5873922152398423
ENSG00000235033,0.9540945584299731,0.9640981856990394,0.987656107373038
ENSG00000235092,0.8774560496380558,0.992320067739204,0.987656107373038
ENSG00000235138,0.8868273092369479,0.9780713596914175,0.987656107373038
ENSG00000235370,0.38417647058823523,0.7754035874439459,0.5595614530962234
ENSG00000235636,0.83459584295612,0.8139463601532565,0.7882411737728685
ENSG00000235641,0.7951693851944792,0.9780713596914175,0.9852864751105523
ENSG00000235821,0.7574236387782204,0.8941704035874439,0.818934455797697
ENSG00000235884,0.2402762430939221,0.615141242937853,0.4258138906143059
ENSG00000235927,0.824799528301887,0.9354853801169589,0.8797564062510073
ENSG00000235958,0.824799528301887,0.9530176211453744,0.7672171978190201
ENSG00000236269,0.7305469845722299,0.9193396226415094,0.8388770468660222
ENSG00000236496,0.918224907063197,0.992320067739204,0.9806406653341817
ENSG00000236882,0.7305469845722299,0.9354853801169589,0.692151523488162
ENSG00000237512,0.23876404494382034,0.6847247706422014,0.5821745906550594
ENSG00000237517,0.7649543676662321,0.9780713596914175,0.8723433912665134
ENSG00000237781,0.9721720613287904,0.992320067739204,0.987656107373038
ENSG00000237846,0.9703722943722943,0.9916106194690265,0.9361754598362196
ENSG00000237928,0.8637259100642399,0.8879467084639497,0.7606998038021969
ENSG00000237940,0.9692281006071118,0.9354853801169589,0.9249190780683783
ENSG00000238110,0.9692281006071118,0.9780713596914175,0.987656107373038
ENSG00000238181,0.9692281006071118,0.9780713596914175,0.987656107373038
ENSG00000239149,0.6807633587786261,0.9273107049608355,0.7606998038021969
ENSG00000239291,0.9879048414023371,0.9136685552407932,0.9935313914225268
ENSG00000239300,0.5868749999999998,0.9046209912536444,0.809710063520328
ENSG00000239617,0.9181068416119963,0.992320067739204,0.987656107373038
ENSG00000239713,0.5635514018691588,0.9136685552407932,0.6082686403456016
ENSG00000240032,0.9907419620774938,0.9958003300330033,0.9935313914225268
ENSG00000240132,0.9459603246167719,0.9600537634408604,0.987656107373038
ENSG00000240137,0.9150380228136881,0.7392890995260663,0.9066637998208761
ENSG00000240160,0.8694648478488981,0.9878952122854562,0.9066637998208761
ENSG00000240401,0.7393852459016393,0.7137133550488599,0.631096922529965
ENSG00000241043,0.9104976076555024,0.9878952122854562,0.9361754598362196
ENSG00000241112,0.23311258278145675,0.6336842105263153,0.4303549604215034
ENSG00000241322,0.5913636363636362,0.8096399999999999,0.5995635111158735
ENSG00000241983,0.8995738354806738,0.992320067739204,0.987656107373038
ENSG00000242419,0.8637259100642399,0.9878952122854562,
ENSG00000242970,0.9104976076555024,0.9780713596914175,0.9819787970650923
ENSG00000243289,0.8397926267281106,0.9354853801169589,0.809350303107246
ENSG00000243710,0.23876404494382034,0.6911711711711707,0.5837785118856369
ENSG00000244383,0.7393852459016393,0.7275294117647058,0.669525087102206
ENSG00000244482,0.45282296650717696,0.840280701754386,0.8156963784023128
ENSG00000244607,0.8556599552572707,0.9878952122854562,0.9618419494002698
ENSG00000244694,0.5386447638603696,0.840280701754386,0.7413658658119187
ENSG00000245694,0.6286371100164203,0.9354853801169589,0.6737264460511833
ENSG00000246090,0.8547528089887642,0.8649108589951375,0.8875366776912392
ENSG00000246203,0.8556599552572707,0.9354853801169589,0.834718933552526
ENSG00000246223,0.289274193548387,0.7137133550488599,0.5371232960657534
ENSG00000246477,0.8572497249724973,0.9354853801169589,0.9134905186169765
ENSG00000247157,0.9692281006071118,0.8521680672268908,0.8455823820121245
ENSG00000248213,0.8836290322580644,0.9878952122854562,0.987656107373038
ENSG00000248265,0.5613320463320463,0.9136685552407932,0.893402363924947
ENSG00000248323,0.7504832214765099,0.7392890995260663,0.7317532234709476
ENSG00000248538,0.5613320463320463,0.7275294117647058,0.5790805717436404
ENSG00000248587,0.6867123287671233,0.9085507246376809,0.9505341137018493
ENSG00000248714,0.9846404682274247,0.992320067739204,0.9922247022107251
ENSG00000248810,0.9104976076555024,0.8040724946695097,0.8125680072199621
ENSG00000249244,0.27364928909952596,0.7137133550488599,0.6050758950640591
ENSG00000249502,0.6375244299674268,0.9161338797814208,0.5837785118856369
ENSG00000249679,0.9539659803043868,0.9508758314855876,0.987656107373038
ENSG00000249700,0.31955017301038063,0.7318933333333334,0.6708963774934219
ENSG00000250031,0.9738422391857506,0.992320067739204,0.987656107373038
ENSG00000250130,0.3775301204819275,0.7756455142231946,0.631096922529965
ENSG00000250138,0.8827670396744659,0.9878952122854562,
ENSG00000250159,0.709955882352941,0.9508758314855876,0.7317532234709476
ENSG00000250410,0.41914728682170554,0.7383456790123455,0.5480023857274787
ENSG00000250548,0.2597499999999995,0.7137133550488599,0.4303549604215034
ENSG00000250569,0.8777286742034942,0.9915116279069768,0.8797564062510073
ENSG00000250906,0.45021634615384626,0.810544747081712,0.5192361016245641
ENSG00000251209,0.8527118644067797,0.7318933333333334,0.8828819818285057
ENSG00000251467,0.9484829443447037,0.9958003300330033,0.987656107373038
ENSG00000251493,0.19299999999999937,0.6095266272189349,0.2304076571572688
ENSG00000251819,0.515753715498938,0.7392890995260663,0.6780055746839678
ENSG00000253309,0.928045871559633,0.992320067739204,0.987656107373038
ENSG00000253368,0.2369426751592352,0.5628070175438596,0.4258138906143059
ENSG00000253636,0.29545454545454536,0.7318933333333334,0.6737264460511833
ENSG00000253731,0.9978050778050779,0.9958003300330033,0.9989355009588188
ENSG00000253741,0.8637259100642399,0.9354853801169589,0.987656107373038
ENSG00000253846,0.8101809408926418,0.9186216216216214,0.8624808377996167
ENSG00000254016,0.34716612377850165,0.729679300291545,0.5371232960657534
ENSG00000254281,0.8637259100642399,0.8509106239460369,0.7821368361934984
ENSG00000254373,0.8560308710033077,0.9780713596914175,0.8624808377996167
ENSG00000254397,0.6878267477203648,0.9397690531177829,0.669857435013146
ENSG00000254503,0.1423076923076933,0.47606060606060635,0.3965085042045063
ENSG00000254851,0.5118279569892473,0.8879467084639497,0.8715415143850401
ENSG00000255197,0.9432881662149956,0.9878952122854562,0.9866606196588316
ENSG00000255201,0.8637259100642399,0.9915116279069768,0.8723433912665134
ENSG00000255408,0.9137631327602674,0.7137133550488599,0.987656107373038
ENSG00000255670,0.7376795580110496,0.9186216216216214,0.8797564062510073
ENSG00000255933,0.9389736603088101,0.9936601859678783,0.987656107373038
ENSG00000256006,0.7108442503639011,0.9569532100108814,0.7898156748251024
ENSG00000256050,0.27128712871287153,0.7137133550488599,0.5638925162428056
ENSG00000256304,0.6878636363636362,0.9354853801169589,0.898430423363759
ENSG00000256377,0.8774560496380558,0.7221875,0.7611947644067086
ENSG00000256436,0.289274193548387,0.7224471299093654,0.6624100087585743
ENSG00000256694,0.789318181818182,0.9780713596914175,0.9851814140807584
ENSG00000256897,0.874901144640999,0.992320067739204,0.9066637998208761
ENSG00000257176,0.12647058823529145,0.47606060606060635,0.3808222889715893
ENSG00000257178,0.561414913957935,0.7137133550488599,0.7101131863688543
ENSG00000257475,0.8560308710033077,0.9878952122854562,0.7611947644067086
ENSG00000257671,0.12647058823529145,0.3154545454545511,0.25565739823001665
ENSG00000257829,0.5055652173913044,0.8129126213592233,0.5672388961131446
ENSG00000258082,0.615990016638935,0.7756455142231946,0.6694920556589974
ENSG00000258181,0.709955882352941,0.7383456790123455,0.751836746093724
ENSG00000258501,0.8659957627118644,0.9809683604985618,0.882330653960525
ENSG00000258521,0.29545454545454536,0.7275294117647058,0.5356020307540278
ENSG00000258875,0.47095127610208787,0.8404679376083188,0.5837785118856369
ENSG00000258891,0.8560308710033077,0.9880866425992779,0.987656107373038
ENSG00000259118,0.9721720613287904,0.992320067739204,0.987656107373038
ENSG00000259212,0.9751353637901862,0.9884649910233393,0.9878812847570878
ENSG00000259318,0.8018532338308458,0.9780713596914175,0.9524936200363883
ENSG00000259397,0.9650088495575221,0.9780713596914175,0.987656107373038
ENSG00000259416,0.8316178194607268,0.9273107049608355,0.8463613269869157
ENSG00000259592,0.8097205346294047,0.9818303145853193,0.8797564062510073
ENSG00000259635,0.5120171673819739,0.8818759936406995,0.702768741246465
ENSG00000260001,0.6714263322884014,0.9354853801169589,0.8363019108708473
ENSG00000260144,0.9179924953095685,0.9780713596914175,0.9248521561539584
ENSG00000260279,0.9104976076555024,0.992320067739204,0.9618419494002698
ENSG00000260296,0.7968961201501877,0.8422680412371132,0.7317532234709476
ENSG00000260316,0.6061148648648649,0.9197724230254352,0.6005707252742638
ENSG00000260448,0.7951693851944792,0.9161338797814208,0.8723433912665134
ENSG00000260490,0.9907419620774938,0.9990016366612111,0.9935313914225268
ENSG00000260808,0.8560308710033077,0.972584388185654,0.8341525219203322
ENSG00000260947,0.9738422391857506,0.9397690531177829,0.987656107373038
ENSG00000261115,0.3409570957095709,0.7344329896907216,0.5641028586907284
ENSG00000261168,0.7108442503639011,0.9569532100108814,0.6312626247610887
ENSG00000261222,0.9179924953095685,0.9683315733896515,0.8797564062510073
ENSG00000261438,0.23876404494382034,0.6677339901477823,0.47604461676589815
ENSG00000261643,0.8838368580060423,0.9354853801169589,0.8938227709240453
ENSG00000261668,0.2597499999999995,0.7137133550488599,0.34358580975999403
ENSG00000261786,0.928045871559633,0.9958003300330033,0.987656107373038
ENSG00000261801,0.12647058823529145,0.42692307692307985,0.30590620966526516
ENSG00000261857,0.8671940928270042,0.9916106194690265,0.8770718379875153
ENSG00000262209,0.9828655462184874,0.9989680589680591,0.9912235648208142
ENSG00000262227,0.9393200362647325,0.840280701754386,0.8341525219203322
ENSG00000262434,0.9721720613287904,0.9958003300330033,0.987656107373038
ENSG00000262528,0.9775760135135134,0.992320067739204,0.9887116676774531
ENSG00000262652,0.9997054009819967,0.9989680589680591,1.0
ENSG00000262728,0.7619682959048877,0.9161338797814208,0.5947702418363842
ENSG00000262877,0.4825225225225224,0.7321465968586386,0.7611947644067086
ENSG00000263345,0.8063501849568434,0.9780713596914175,0.9134905186169765
ENSG00000263624,0.9179924953095685,0.992320067739204,0.8770718379875153
ENSG00000263648,0.9080490196078431,0.9878952122854562,0.987656107373038
ENSG00000264304,0.9751353637901862,0.9878952122854562,0.9878812847570878
ENSG00000264520,0.7524598930481283,0.9604394426580922,0.7317532234709476
ENSG00000264570,0.9341391941391942,0.9958003300330033,0.987656107373038
ENSG00000264769,0.9104976076555024,0.8504915254237287,0.822462718099945
ENSG00000264943,0.7393852459016393,0.9586457204767063,0.9473772545657806
ENSG00000265413,0.8895114656031905,0.992320067739204,0.987656107373038
ENSG00000265625,0.7511796246648793,0.840280701754386,0.8341525219203322
ENSG00000265943,0.15339285714285572,0.5628070175438596,0.4213339010007859
ENSG00000266236,0.5648794063079775,0.8096399999999999,0.6920776870734547
ENSG00000266472,0.23876404494382034,0.7137133550488599,0.49832240071010625
ENSG00000266850,0.5613320463320463,0.8941704035874439,0.8797564062510073
ENSG00000266980,0.6932095096582465,0.9497330367074527,0.8439630764252097
ENSG00000266993,0.8237988165680471,0.8941704035874439,0.9205106774787523
ENSG00000267150,0.7617592592592592,0.9136685552407932,0.8341525219203322
ENSG00000267364,0.4987252747252747,0.8656058158319871,0.7781572724212924
ENSG00000267560,0.5441749502982108,0.8941704035874439,0.6876073891498516
ENSG00000267586,0.8415252293577982,0.9780713596914175,0.987656107373038
ENSG00000267612,0.9775760135135134,0.992320067739204,0.9887116676774531
ENSG00000267724,0.7409620596205961,0.9497330367074527,0.7884846588423571
ENSG00000267858,0.3625925925925923,0.7392890995260663,0.5516633021571867
ENSG00000267898,0.27221674876847257,0.609272727272727,0.3581320804171025
ENSG00000268093,0.8338973162193699,0.9354853801169589,0.8428800170501318
ENSG00000268401,0.7376795580110496,0.9513510520487265,0.8624808377996167
ENSG00000268621,0.9721720613287904,0.992320067739204,0.9463084747492767
ENSG00000268686,0.5900176991150441,0.9227770360480642,0.648934336513808
ENSG00000268707,0.9389736603088101,0.9958003300330033,0.987656107373038
ENSG00000269463,0.30543795620437897,0.7318933333333334,0.5356020307540278
ENSG00000269487,0.9676746242263484,0.9958003300330033,0.987656107373038
ENSG00000269737,0.9540945584299731,0.992320067739204,0.9618419494002698
ENSG00000269896,0.8836290322580644,0.9354853801169589,0.9134905186169765
ENSG00000269904,0.7737113402061855,0.9354853801169589,0.7555654651110094
ENSG00000269967,0.6380357142857142,0.8941704035874439,0.6158769560934967
ENSG00000270062,0.3255254237288131,0.7137133550488599,0.5453168933851595
ENSG00000270091,0.5441749502982108,0.8139463601532565,0.605050369187228
ENSG00000270503,0.3904678362573098,0.5628070175438596,0.43069810490779653
ENSG00000270589,0.9054563297350344,0.9666666666666667,0.9618419494002698
ENSG00000270604,0.4097612732095489,0.810544747081712,0.6624100087585743
ENSG00000270641,0.8637259100642399,0.9354853801169589,0.987656107373038
ENSG00000270706,0.918224907063197,0.9780713596914175,
ENSG00000271009,0.628578512396694,0.9241952506596305,0.8341525219203322
ENSG00000271200,0.9846404682274247,0.9989680589680591,0.9922247022107251
ENSG00000271387,0.9692281006071118,0.9495135746606335,0.987656107373038
ENSG00000271427,0.7524598930481283,0.9241952506596305,0.8196006192818014
ENSG00000271576,0.9022848664688428,0.934236641221374,0.8156963784023128
ENSG00000271778,0.35035598705501586,0.7392890995260663,0.5371232960657534
ENSG00000271788,0.5690808823529411,0.840280701754386,0.6571025275415754
ENSG00000271811,0.9567733333333333,0.9958003300330033,0.987656107373038
ENSG00000271926,0.5726459854014598,0.7756455142231946,0.5598884459329989
ENSG00000271959,0.8097205346294047,0.9818303145853193,0.9852864751105523
ENSG00000272056,0.4033239436619717,0.7321465968586386,0.5371232960657534
ENSG00000272123,0.709955882352941,0.7137133550488599,0.7781572724212924
ENSG00000272173,0.6797067901234567,0.9480870561282931,0.9066637998208761
ENSG00000272256,0.41254545454545466,0.8096399999999999,0.5797601740260797
ENSG00000272430,0.9104976076555024,0.9878952122854562,0.9066637998208761
ENSG00000272491,0.9562544483985765,0.9809683604985618,0.9026512783195327
ENSG00000272512,0.8827670396744659,0.9488724373576309,0.9421240897975799
ENSG00000272668,0.8637259100642399,0.7392890995260663,0.9066637998208761
ENSG00000272733,0.9196388888888888,0.9780713596914175,0.8875366776912392
ENSG00000272836,0.774190231362468,0.9780713596914175,0.8363019108708473
ENSG00000272944,0.5441749502982108,0.8404679376083188,0.6158769560934967
ENSG00000272969,0.9092773437499999,0.992320067739204,0.8588900500467227
ENSG00000273001,0.3113732394366196,0.7318933333333334,0.5294140826857419
ENSG00000273007,0.23876404494382034,0.682976744186046,0.3495521450114414
ENSG00000273032,0.9907419620774938,0.9989680589680591,0.9935313914225268
ENSG00000273156,0.88882,0.7743181818181818,0.8797564062510073
ENSG00000273249,0.8237988165680471,0.8386996336996336,0.7037825691733367
ENSG00000273381,0.762157894736842,0.9495135746606335,0.7728981364893192
ENSG00000273674,0.8883383383383383,0.992320067739204,0.987656107373038
ENSG00000273888,0.7409620596205961,0.9754649947753394,0.9361754598362196
ENSG00000274227,0.8913830845771145,0.9567216721672166,0.8655446434813722
ENSG00000274386,0.32326530612244897,0.7318933333333334,0.669857435013146
ENSG00000274528,0.8968948412698413,0.9354853801169589,0.7672171978190201
ENSG00000274765,0.8731034482758621,0.8965789473684209,0.8286752747483697
ENSG00000274918,0.8777286742034942,0.992320067739204,0.9176375622396387
ENSG00000274987,0.789318181818182,0.934236641221374,0.9134905186169765
ENSG00000275329,0.874125,0.9780713596914175,0.987656107373038
ENSG00000275409,0.5913636363636362,0.7221875,0.6082686403456016
ENSG00000275476,0.31955017301038063,0.6229946524064168,0.5258039388606602
ENSG00000275552,0.4918403547671839,0.7318933333333334,0.6005707252742638
ENSG00000275956,0.8491685649202733,0.8943880597014925,0.8156963784023128
ENSG00000276445,0.9266298342541435,0.9866161137440758,0.8828819818285057
ENSG00000276523,0.9938733552631579,0.9958003300330033,0.9956827139694233
ENSG00000276663,0.6560771704180064,0.9241952506596305,0.7728981364893192
ENSG00000277053,0.35690095846645337,0.7318933333333334,0.5371232960657534
ENSG00000277491,0.6390923824959481,0.8941704035874439,0.6005707252742638
ENSG00000277916,0.7108442503639011,0.8096399999999999,0.818934455797697
ENSG00000278071,0.9898833333333333,0.8096399999999999,0.9935313914225268
ENSG00000278112,0.8101809408926418,0.8096399999999999,0.8439630764252097
ENSG00000278467,0.8060493827160493,0.9780713596914175,0.8797564062510073
ENSG00000278505,0.40953038674033126,0.8053586497890294,0.5821745906550594
ENSG00000278576,0.1922881355932204,0.6095266272189349,0.2990813014687586
ENSG00000278771,0.5635514018691588,0.609272727272727,0.6295151514670868
ENSG00000278879,0.7328351955307262,0.9530176211453744,0.9657307593022506
ENSG00000278963,0.9710603448275862,0.964456289978678,0.987656107373038
ENSG00000279058,0.8050371287128713,0.8649108589951375,0.7317532234709476
ENSG00000279187,0.9692281006071118,0.992320067739204,0.987656107373038
ENSG00000279203,0.5868749999999998,0.7318933333333334,0.7198305141539978
ENSG00000279254,0.8637259100642399,0.9780713596914175,0.9248521561539584
ENSG00000279355,0.691924812030075,0.9497330367074527,0.894811846626938
ENSG00000279375,0.2629850746268658,0.7137133550488599,0.4303549604215034
ENSG00000279384,0.29545454545454536,0.5628070175438596,0.49213472385313284
ENSG00000279432,0.9196388888888888,0.9186216216216214,0.987656107373038
ENSG00000279608,0.8671488912354804,0.9878952122854562,0.987656107373038
ENSG00000279716,0.8326168224299063,0.9878604651162791,0.898430423363759
ENSG00000279880,0.9389736603088101,0.8612811980033278,0.987656107373038
ENSG00000279930,0.9721720613287904,0.992320067739204,0.8828819818285057
ENSG00000279982,0.12647058823529145,0.2639999999999943,0.2304076571572688
ENSG00000280011,0.8489053591790194,0.9878952122854562,0.987656107373038
ENSG00000280055,0.7737113402061855,0.9780713596914175,0.9806710487947123
ENSG00000280237,0.983056255247691,0.992320067739204,0.9912235648208142
ENSG00000280254,0.7409620596205961,0.915345557122708,0.7611947644067086
ENSG00000280255,0.8808829568788501,0.8649108589951375,0.987656107373038
ENSG00000280273,0.8192694610778444,0.9780713596914175,0.8753451593929036
ENSG00000280424,0.9687367491166078,0.9936601859678783,0.987656107373038
ENSG00000280623,0.7298581560283688,0.9397690531177829,0.8156963784023128
ENSG00000281195,0.6797067901234567,0.9354853801169589,0.6000456383038033
ENSG00000281205,0.9721720613287904,0.9989680589680591,0.987656107373038
ENSG00000281538,0.8547528089887642,0.9586457204767063,0.898430423363759
ENSG00000281691,0.8777286742034942,0.9878604651162791,0.9618419494002698
ENSG00000000003,0.3103249097472917,0.7321465968586386,0.5164896622905957
ENSG00000000005,0.2852136752136747,0.7137133550488599,0.4907177663532573
ENSG00000002933,0.16946666666666665,0.5840000000000002,0.25565739823001665
ENSG00000007216,0.17902173913043493,0.5628070175438596,0.3495521450114414
ENSG00000015413,0.15676923076922988,0.5628070175438596,0.5672388961131446
ENSG00000023839,0.6286371100164203,0.9354853801169589,0.8310085732375095
ENSG00000026559,0.4033239436619717,0.8096399999999999,0.4747731189410813
ENSG00000036672,0.19088495575221182,0.5628070175438596,0.39739868984976856
ENSG00000057593,0.16946666666666665,0.5628070175438596,0.3765115306952914
ENSG00000061656,0.1922881355932204,0.5869291338582674,0.4213339010007859
ENSG00000062282,0.3835119047619045,0.7717289719626167,0.462139190802072
ENSG00000070031,0.23876404494382034,0.6911711711711707,0.4126104310495847
ENSG00000072133,0.3770694864048337,0.7392890995260663,0.6005707252742638
ENSG00000072657,0.49278761061946896,0.8613079470198675,0.5641028586907284
ENSG00000073067,0.29545454545454536,0.7137133550488599,0.6737264460511833
ENSG00000074276,0.3228522336769756,0.7392890995260663,0.648934336513808
ENSG00000076258,0.5492519685039371,0.8941704035874439,0.6668796323539716
ENSG00000078328,0.27890410958904044,0.715551948051948,0.5480023857274787
ENSG00000081248,0.5498035363457757,0.7137133550488599,0.8875366776912392
ENSG00000087495,0.37578787878787856,0.7137133550488599,0.5752275549447239
ENSG00000088002,0.5635514018691588,0.7221875,0.5595614530962234
ENSG00000088386,0.20717557251908328,0.6336842105263153,0.5516633021571867
ENSG00000091138,0.14409090909090633,0.4595238095238118,0.30590620966526516
ENSG00000095932,0.6011714770797963,0.8941704035874439,0.809710063520328
ENSG00000099937,0.27364928909952596,0.609272727272727,0.5371232960657534
ENSG00000099960,0.39945868945868923,0.7137133550488599,0.669525087102206
ENSG00000100373,0.4579529411764705,0.840280701754386,0.6000456383038033
ENSG00000100593,0.15676923076922988,0.47606060606060635,0.38716066554324774
ENSG00000101115,0.2543814432989689,0.7137133550488599,0.5032895842965831
ENSG00000101464,0.19088495575221182,0.5850793650793651,0.4303549604215034
ENSG00000101470,0.13866666666666508,0.5628070175438596,0.2304076571572688
ENSG00000101473,0.1423076923076933,0.5628070175438596,0.25826689472101927
ENSG00000101850,0.16739130434782692,0.5628070175438596,0.40521801907830285
ENSG00000102043,0.27703703703703714,0.7137133550488599,0.40093727166310744
ENSG00000102287,0.23410256410256286,0.6739906103286377,0.49213472385313284
ENSG00000102445,0.12647058823529145,0.46538461538461495,0.2129723004497527
ENSG00000103375,0.2852136752136747,0.609272727272727,0.4668536833985606
ENSG00000103485,0.12647058823529145,0.47606060606060635,0.3495521450114414
ENSG00000104044,0.38417647058823523,0.7318933333333334,0.5516633021571867
ENSG00000104059,0.1331999999999933,0.473214285714282,0.16017037254984787
ENSG00000105750,0.7669570871261377,0.9670190274841437,0.9026512783195327
ENSG00000106178,0.289274193548387,0.717249190938511,0.44468819350150135
ENSG00000106404,0.9161661945231351,0.9916106194690265,0.987656107373038
ENSG00000106565,0.16499999999999945,0.5628070175438596,0.37178529696103624
ENSG00000107105,0.1423076923076933,0.5628070175438596,0.16017037254984787
ENSG00000108187,0.9498206278026906,0.9354853801169589,0.987656107373038
ENSG00000108244,0.1423076923076933,0.5628070175438596,0.2153774011180709
ENSG00000108576,0.19088495575221182,0.609272727272727,0.5033978294033921
ENSG00000109321,0.1423076923076933,0.5628070175438596,0.5072919279586615
ENSG00000110195,0.22827586206896497,0.5628070175438596,0.3270981171177277
ENSG00000112796,0.8097205346294047,0.9809683604985618,0.6863061992394616
ENSG00000112818,0.4769318181818182,0.8200378787878788,0.6005707252742638
ENSG00000113249,0.3113732394366196,0.609272727272727,0.5516633021571867
ENSG00000113494,0.29951851851851824,0.7137133550488599,0.4258138906143059
ENSG00000113889,0.09999999999995057,0.2599999999999951,0.12089130343409031
ENSG00000114113,0.1423076923076933,0.5628070175438596,0.24293038807721726
ENSG00000114656,0.8836290322580644,0.9780713596914175,0.8715415143850401
ENSG00000115363,0.8018532338308458,0.9780713596914175,0.7317532234709476
ENSG00000119782,0.8659957627118644,0.9241952506596305,0.9134905186169765
ENSG00000120262,0.83459584295612,0.9780713596914175,0.824311065181125
ENSG00000120440,0.5997386759581883,0.8945427728613569,0.6040625682504821
ENSG00000120555,0.8237988165680471,0.9780713596914175,0.7317532234709476
ENSG00000122121,0.23876404494382034,0.6911711711711707,0.3488644943543863
ENSG00000123500,0.9464330637915543,0.9884649910233393,0.9657307593022506
ENSG00000124205,0.40065340909090874,0.7221875,0.5192361016245641
ENSG00000124253,0.41875647668393756,0.7743181818181818,0.43069810490779653
ENSG00000125046,0.4401228501228502,0.810544747081712,0.43069810490779653
ENSG00000125998,0.14409090909090633,0.5628070175438596,0.11368024322924607
ENSG00000126003,0.1710975609756094,0.5628070175438596,0.43334062866427336
ENSG00000130054,0.2132089552238806,0.5628070175438596,0.4303549604215034
ENSG00000130234,0.23876404494382034,0.7078666666666665,0.40073442592882746
ENSG00000130876,0.4939072847682116,0.8548657718120805,0.6481266160012248
ENSG00000131781,0.8237988165680471,0.9780713596914175,0.9852864751105523
ENSG00000131910,0.6714263322884014,0.9136685552407932,0.7413658658119187
ENSG00000134463,0.5133901918976547,0.8509106239460369,0.6082686403456016
ENSG00000135083,0.7663020833333333,0.9780713596914175,0.6926836668116986
ENSG00000135917,0.2597499999999995,0.7137133550488599,0.3495521450114414
ENSG00000136250,0.30411764705882316,0.6739906103286377,0.5356020307540278
ENSG00000136457,0.4097612732095489,0.8096399999999999,0.5294140826857419
ENSG00000136883,0.8560308710033077,0.8965789473684209,0.987656107373038
ENSG00000136943,0.18305263157894644,0.5996923076923074,0.2304076571572688
ENSG00000137875,0.8527118644067797,0.9878952122854562,0.9066637998208761
ENSG00000138100,0.1710975609756094,0.5850793650793651,0.2990813014687586
ENSG00000138315,0.2539153439153438,0.7137133550488599,0.6005707252742638
ENSG00000139055,0.4840492170022371,0.840280701754386,0.6571025275415754
ENSG00000139209,0.3904678362573098,0.7538915094339623,0.4303549604215034
ENSG00000139540,0.17476744186046375,0.5840000000000002,0.25339742683444233
ENSG00000139656,0.6011714770797963,0.8649108589951375,0.6005707252742638
ENSG00000140093,0.3112903225806452,0.7321465968586386,0.5516633021571867
ENSG00000140519,0.16499999999999945,0.5628070175438596,0.13573760385579947
ENSG00000142606,0.6375244299674268,0.8554515050167224,0.8458410474118095
ENSG00000142609,0.14156249999999743,0.560975609756095,0.2304076571572688
ENSG00000142661,0.33221476510067083,0.7137133550488599,0.5294140826857419
ENSG00000142959,0.14812499999999829,0.5628070175438596,0.2129723004497527
ENSG00000142973,0.642778675282714,0.8941704035874439,0.6005707252742638
ENSG00000143627,0.2852136752136747,0.7224471299093654,0.5396252996240474
ENSG00000143882,0.5386447638603696,0.7743181818181818,0.5761326621389792
ENSG00000145192,0.7376795580110496,0.9640981856990394,0.9657307593022506
ENSG00000145824,0.1331999999999933,0.47606060606060635,0.49213472385313284
ENSG00000146521,0.15339285714285572,0.5628070175438596,0.27193794954292677
ENSG00000146530,0.9898833333333333,0.9916106194690265,0.9935313914225268
ENSG00000146666,0.27703703703703714,0.7137133550488599,0.5068375097060084
ENSG00000147168,0.3625925925925923,0.7243413173652692,0.5480023857274787
ENSG00000147394,0.6011714770797963,0.8404679376083188,0.5887537384467894
ENSG00000148483,0.32326530612244897,0.7137133550488599,0.4303549604215034
ENSG00000148734,0.12647058823529145,0.46538461538461495,0.20574963110774522
ENSG00000148942,0.8527118644067797,0.9878952122854562,0.987656107373038
ENSG00000149927,0.4604449648711941,0.840280701754386,0.5598884459329989
ENSG00000150540,0.78147582697201,0.9600537634408604,0.9852864751105523
ENSG00000151952,0.7737113402061855,0.9313748378728924,0.9806710487947123
ENSG00000152213,0.2597499999999995,0.7137133550488599,0.43069810490779653
ENSG00000153060,0.5680591497227356,0.840280701754386,0.6731121809049971
ENSG00000153303,0.19088495575221182,0.609272727272727,0.2304076571572688
ENSG00000153898,0.9828655462184874,0.9916106194690265,0.9361754598362196
ENSG00000154620,0.8694648478488981,0.9273107049608355,0.9255092883988983
ENSG00000157303,0.4394827586206893,0.7275294117647058,0.5516633021571867
ENSG00000157399,0.38417647058823523,0.7754035874439459,0.43069810490779653
ENSG00000158014,0.29545454545454536,0.7224471299093654,0.5192361016245641
ENSG00000158816,0.4048882681564243,0.8096399999999999,0.4376544522370116
ENSG00000159708,0.2852136752136747,0.6229946524064168,0.43069810490779653
ENSG00000160229,0.4476086956521739,0.8386996336996336,0.6295151514670868
ENSG00000162881,0.5441749502982108,0.7137133550488599,0.5516633021571867
ENSG00000162949,0.2788940092165893,0.7137133550488599,0.631096922529965
ENSG00000163347,0.4989519650655022,0.8702576489533012,0.5947702418363842
ENSG00000163501,0.19483870967741912,0.615141242937853,0.3495521450114414
ENSG00000163689,0.19088495575221182,0.609272727272727,0.43069810490779653
ENSG00000163737,0.8836290322580644,0.8649108589951375,0.8455823820121245
ENSG00000163817,0.8060493827160493,0.9161338797814208,0.6624100087585743
ENSG00000164100,0.9738422391857506,0.9878604651162791,0.987656107373038
ENSG00000164379,0.29545454545454536,0.6739906103286377,0.4240070979043363
ENSG00000164488,0.23410256410256286,0.5628070175438596,0.43069810490779653
ENSG00000164746,0.5467258382642998,0.8941704035874439,0.6831069495144146
ENSG00000164932,0.9344058500914076,0.9878604651162791,0.987656107373038
ENSG00000165730,0.6925633383010432,0.9414925373134329,0.8341525219203322
ENSG00000165794,0.7117571428571429,0.7137133550488599,0.7738292538834478
ENSG00000165799,0.8836290322580644,0.8818759936406995,0.8520863239243444
ENSG00000165828,0.19030927835051484,0.5628070175438596,0.2304076571572688
ENSG00000166589,0.7117571428571429,0.5628070175438596,0.6005707252742638
ENSG00000166840,0.4450121065375303,0.7318933333333334,0.6708963774934219
ENSG00000166869,0.19088495575221182,0.609272727272727,0.5453168933851595
ENSG00000167011,0.3985386819484237,0.7137133550488599,0.6624100087585743
ENSG00000167588,0.9907419620774938,0.9884649910233393,0.898430423363759
ENSG00000167800,0.2299999999999992,0.6739906103286377,0.5371232960657534
ENSG00000168447,0.12647058823529145,0.4595238095238118,0.2153774011180709
ENSG00000168852,0.4394827586206893,0.840280701754386,0.5480023857274787
ENSG00000169253,0.20787878787878708,0.5628070175438596,0.4303549604215034
ENSG00000169562,0.4124479166666668,0.7725407925407922,1.0
ENSG00000170827,0.19088495575221182,0.609272727272727,0.5072919279586615
ENSG00000170835,0.8706387434554975,0.9497330367074527,0.987656107373038
ENSG00000170890,0.7574236387782204,0.8191809523809522,0.8723433912665134
ENSG00000171126,0.5267714884696015,0.8818759936406995,0.5371232960657534
ENSG00000171291,0.19401639344262167,0.609272727272727,0.2990813014687586
ENSG00000172478,0.4048882681564243,0.8096399999999999,0.5797601740260797
ENSG00000172782,0.1331999999999933,0.5268571428571429,0.20574963110774522
ENSG00000172831,0.1710975609756094,0.5628070175438596,0.2153774011180709
ENSG00000173080,0.15339285714285572,0.5628070175438596,0.30590620966526516
ENSG00000173212,0.4882666666666664,0.810544747081712,0.5258039388606602
ENSG00000173890,0.8230310262529833,0.9780713596914175,0.8797564062510073
ENSG00000175003,0.8097205346294047,0.840280701754386,0.810186267855873
ENSG00000175329,0.16946666666666665,0.5628070175438596,0.25339742683444233
ENSG00000175497,0.7649543676662321,0.8906853582554516,0.7874857606381945
ENSG00000178015,0.17144578313253023,0.560975609756095,0.21022361397167197
ENSG00000178636,0.7409620596205961,0.8139463601532565,0.7317532234709476
ENSG00000178773,0.7393852459016393,0.9739517819706499,0.9361754598362196
ENSG00000179133,0.8097205346294047,0.9780713596914175,0.9026512783195327
ENSG00000179157,0.9938733552631579,0.8386996336996336,0.9956827139694233
ENSG00000179914,0.7746726572528883,0.8386996336996336,0.8310085732375095
ENSG00000180730,0.5692477064220184,0.8846687697160883,0.5430861530270553
ENSG00000181019,0.8968948412698413,0.9241952506596305,1.0
ENSG00000181392,0.1331999999999933,0.4595238095238118,0.3352379471228626
ENSG00000181652,0.19088495575221182,0.609272727272727,0.25826689472101927
ENSG00000182271,0.4305808080808081,0.7383456790123455,0.630225452902358
ENSG00000182383,0.6093132328308206,0.609272727272727,0.6005707252742638
ENSG00000182584,0.2597499999999995,0.7137133550488599,0.5821745906550594
ENSG00000182798,0.4033239436619717,0.7743181818181818,0.6295151514670868
ENSG00000183044,0.43716080402010044,0.7318933333333334,0.5947702418363842
ENSG00000183145,0.19088495575221182,0.609272727272727,0.3270981171177277
ENSG00000183454,0.6536231884057973,0.9354853801169589,0.9361754598362196
ENSG00000183850,0.27400943396226357,0.5628070175438596,0.25565739823001665
ENSG00000184368,0.15339285714285572,0.5628070175438596,0.17306544491615275
ENSG00000184845,0.22587412587412617,0.6659405940594055,0.3495521450114414
ENSG00000184945,0.32326530612244897,0.7221875,0.4303549604215034
ENSG00000185105,0.27364928909952596,0.7137133550488599,0.631096922529965
ENSG00000185915,0.12647058823529145,0.4595238095238118,0.12089130343409031
ENSG00000185974,0.6714263322884014,0.9354853801169589,0.8109833565621967
ENSG00000186115,0.15676923076922988,0.5628070175438596,0.2304076571572688
ENSG00000186198,0.42064267352185086,0.7743181818181818,0.45229708713379074
ENSG00000186529,0.7620976253298152,0.9780713596914175,0.9806406653341817
ENSG00000186790,0.3112903225806452,0.7243413173652692,0.5672388961131446
ENSG00000187017,0.16946666666666665,0.5628070175438596,0.43069810490779653
ENSG00000187021,0.4097612732095489,0.7322222222222221,0.6831069495144146
ENSG00000187398,0.8659957627118644,0.9754649947753394,
ENSG00000187416,0.8659957627118644,0.9397690531177829,0.9200436976684924
ENSG00000187783,0.20842105263157856,0.5628070175438596,0.34698717845474486
ENSG00000188037,0.9555565449688336,0.9780713596914175,0.987656107373038
ENSG00000188039,0.5133901918976547,0.8822503961965134,0.6531564223632655
ENSG00000188089,0.5900176991150441,0.9161338797814208,0.8988845766450744
ENSG00000188163,0.941365280289331,0.7137133550488599,0.987656107373038
ENSG00000188338,0.14156249999999743,0.5628070175438596,0.3352379471228626
ENSG00000188828,0.3113732394366196,0.7137133550488599,0.4303549604215034
ENSG00000189223,0.8694648478488981,0.774683257918552,0.8589887786573432
ENSG00000196172,0.6061148648648649,0.9273107049608355,0.6973155815224245
ENSG00000196335,0.6925633383010432,0.8149809160305342,0.8156963784023128
ENSG00000196711,0.2845535714285714,0.7137133550488599,0.4303549604215034
ENSG00000196917,0.4769318181818182,0.8509106239460369,0.6318612992470009
ENSG00000197099,0.27572769953051574,0.7137133550488599,0.4303549604215034
ENSG00000197140,0.41100529100529093,0.7318933333333334,0.7195578748707826
ENSG00000197238,0.9555565449688336,0.992320067739204,0.987656107373038
ENSG00000197408,0.19088495575221182,0.594921875,0.2304076571572688
ENSG00000198286,0.774190231362468,0.8941704035874439,0.7521568331886346
ENSG00000198723,0.862800875273523,0.9600537634408604,0.8868961052874225
ENSG00000198732,0.12647058823529145,0.2016666666666416,0.057688481638753994
ENSG00000198868,0.5565362035225048,0.8139463601532565,0.631096922529965
ENSG00000198881,0.23876404494382034,0.5628070175438596,0.3495521450114414
ENSG00000199266,0.2961132075471694,0.7318933333333334,0.5294140826857419
ENSG00000201512,0.42931122448979614,0.7224471299093654,0.631096922529965
ENSG00000202538,0.5441749502982108,0.7137133550488599,0.5072919279586615
ENSG00000203288,0.613989983305509,0.8934263565891474,0.8156963784023128
ENSG00000203326,0.3113732394366196,0.7322222222222221,0.3495521450114414
ENSG00000203688,0.6011714770797963,0.9136685552407932,0.8885170471929487
ENSG00000204792,0.9965983606557377,0.9958003300330033,0.9977557323358965
ENSG00000204832,0.4989519650655022,0.609272727272727,0.5516633021571867
ENSG00000205078,0.4097612732095489,0.7137133550488599,0.5371232960657534
ENSG00000205181,0.15339285714285572,0.5628070175438596,0.3352379471228626
ENSG00000205277,0.12647058823529145,0.4595238095238118,0.3270981171177277
ENSG00000205863,0.7328351955307262,0.9497330367074527,0.7728981364893192
ENSG00000206838,0.19088495575221182,0.5628070175438596,0.30590620966526516
ENSG00000210077,0.289274193548387,0.6062595419847321,0.43069810490779653
ENSG00000212993,0.23876404494382034,0.6411794871794875,0.2990813014687586
ENSG00000212994,0.8572497249724973,0.8934263565891474,0.8624808377996167
ENSG00000213075,0.895427435387674,0.7392890995260663,0.809710063520328
ENSG00000213683,0.5911287477954142,0.8225283018867924,0.7085934595631302
ENSG00000213791,0.29951851851851824,0.7318933333333334,0.511084525753068
ENSG00000213937,0.1710975609756094,0.5628070175438596,0.4886107233532958
ENSG00000213988,0.23368421052631508,0.5840000000000002,0.40073442592882746
ENSG00000213996,0.20717557251908328,0.609272727272727,0.2990813014687586
ENSG00000214076,0.9951763740771123,0.9780713596914175,0.9964895932816825
ENSG00000214192,0.1710975609756094,0.5840000000000002,0.2153774011180709
ENSG00000215284,0.29545454545454536,0.7137133550488599,0.5887537384467894
ENSG00000216331,0.9161661945231351,0.9759185803757828,0.8439630764252097
ENSG00000217026,0.4769318181818182,0.7756455142231946,0.5371232960657534
ENSG00000218073,0.39768115942028953,0.7756455142231946,0.566583633847956
ENSG00000218265,0.5868749999999998,0.9197724230254352,0.5672388961131446
ENSG00000219159,0.289274193548387,0.7137133550488599,0.40093727166310744
ENSG00000224004,0.78147582697201,0.9354853801169589,0.8458410474118095
ENSG00000224177,0.4825225225225224,0.8139463601532565,0.6005707252742638
ENSG00000224511,0.14409090909090633,0.5628070175438596,0.3270981171177277
ENSG00000224965,0.8547528089887642,0.9878604651162791,0.9586157896697289
ENSG00000225111,0.5038126361655774,0.8818759936406995,0.5516633021571867
ENSG00000225282,0.39320699708454804,0.6714009661835743,0.5597104582248712
ENSG00000225329,0.9179924953095685,0.9780713596914175,0.9806710487947123
ENSG00000225434,0.8827670396744659,0.9878604651162791,0.8938157015190076
ENSG00000225806,0.40953038674033126,0.7901077586206893,0.5638925162428056
ENSG00000225953,0.29545454545454536,0.609272727272727,0.40093727166310744
ENSG00000226040,0.6714263322884014,0.9354853801169589,0.6973155815224245
ENSG00000226051,0.25398963730569946,0.7137133550488599,0.5453168933851595
ENSG00000226383,0.561414913957935,0.9136685552407932,0.669857435013146
ENSG00000226453,0.472880184331797,0.840280701754386,0.5821745906550594
ENSG00000226491,0.3600315457413245,0.7275294117647058,0.4886107233532958
ENSG00000227188,0.9738422391857506,0.9178035470668485,0.9657307593022506
ENSG00000227477,0.3103249097472917,0.7321465968586386,0.5294140826857419
ENSG00000227591,0.7117571428571429,0.9496049661399547,0.9134905186169765
ENSG00000227947,0.2467204301075265,0.6628499999999994,0.462139190802072
ENSG00000228264,0.4097612732095489,0.7318933333333334,0.5480023857274787
ENSG00000228307,0.3618749999999996,0.7754035874439459,0.6831069495144146
ENSG00000228413,0.8777286742034942,0.9878952122854562,0.9361754598362196
ENSG00000228686,0.8637259100642399,0.9640981856990394,0.7728981364893192
ENSG00000228784,0.4450121065375303,0.840280701754386,0.5672388961131446
ENSG00000228956,0.3625925925925923,0.729679300291545,0.4258138906143059
ENSG00000229314,0.13592592592592456,0.473214285714282,0.2129723004497527
ENSG00000229525,0.25398963730569946,0.7137133550488599,0.34698717845474486
ENSG00000229780,0.7393852459016393,0.8941704035874439,0.7995352278655519
ENSG00000229996,0.3113732394366196,0.7374358974358971,0.4450464057190344
ENSG00000230563,0.16151515151515144,0.5628070175438596,0.4213339010007859
ENSG00000230777,0.4097612732095489,0.7137133550488599,0.5072919279586615
ENSG00000230873,0.20717557251908328,0.6229946524064168,0.5430861530270553
ENSG00000231359,0.918224907063197,0.992320067739204,0.9134905186169765
ENSG00000231563,0.5386447638603696,0.8906853582554516,0.669525087102206
ENSG00000231769,0.9344058500914076,0.9591243243243243,0.9349233993100831
ENSG00000232702,0.6797067901234567,0.609272727272727,0.6082686403456016
ENSG00000232724,0.575264116575592,0.9186216216216214,0.5638925162428056
ENSG00000232874,0.2852136752136747,0.7221875,0.5371232960657534
ENSG00000233483,0.8827670396744659,0.9354853801169589,0.9505341137018493
ENSG00000233559,0.3618749999999996,0.7318933333333334,0.509588401945388
ENSG00000233791,0.5413877551020405,0.8386996336996336,0.6005707252742638
ENSG00000233836,0.3537299035369773,0.7392890995260663,0.5516633021571867
ENSG00000234147,0.4989519650655022,0.6384020618556696,0.5752275549447239
ENSG00000234213,0.472880184331797,0.8096399999999999,0.5645142702185739
ENSG00000234449,0.6867123287671233,0.9397690531177829,0.7938550790453118
ENSG00000234477,0.22587412587412617,0.609272727272727,0.4240070979043363
ENSG00000234753,0.29545454545454536,0.7318933333333334,0.5192361016245641
ENSG00000234772,0.9041748526522593,0.992320067739204,0.9505341137018493
ENSG00000234848,0.8415252293577982,0.9530176211453744,0.9066637998208761
ENSG00000234996,0.22587412587412617,0.6105813953488372,0.5516633021571867
ENSG00000235049,0.4097612732095489,0.8096399999999999,0.6158769560934967
ENSG00000235192,0.709955882352941,0.9136685552407932,0.6920776870734547
ENSG00000235319,0.8774560496380558,0.992320067739204,0.813125697014659
ENSG00000236086,0.9041748526522593,0.9878952122854562,0.8156963784023128
ENSG00000236529,0.23876404494382034,0.6229946524064168,0.5598884459329989
ENSG00000236680,0.7415696887686063,0.7137133550488599,0.7781572724212924
ENSG00000236833,0.19088495575221182,0.609272727272727,0.5371232960657534
ENSG00000236935,0.3985386819484237,0.7538297872340424,0.8156963784023128
ENSG00000237039,0.8560308710033077,0.9186216216216214,0.987656107373038
ENSG00000237721,0.4097612732095489,0.7321465968586386,0.6005707252742638
ENSG00000238178,0.5228842105263156,0.8103557312252965,0.8156963784023128
ENSG00000239345,0.6909818731117825,0.9354853801169589,0.7317532234709476
ENSG00000239557,0.877037422037422,0.7137133550488599,0.8341525219203322
ENSG00000239827,0.8050371287128713,0.9497330367074527,0.7210260703245974
ENSG00000240211,0.935228102189781,0.9958003300330033,0.9205106774787523
ENSG00000240418,0.9705877268798617,0.7355269922879178,0.987656107373038
ENSG00000240520,0.4305808080808081,0.810544747081712,0.5371232960657534
ENSG00000240541,0.44333333333333347,0.8386996336996336,0.818934455797697
ENSG00000241362,0.6925633383010432,0.9354853801169589,0.7897793233504945
ENSG00000242814,0.2769158878504672,0.7137133550488599,0.40073442592882746
ENSG00000243007,0.28398190045248817,0.6354687499999998,0.39739868984976856
ENSG00000243064,0.9692281006071118,0.9780713596914175,
ENSG00000243083,0.2053906249999999,0.6229946524064168,0.5598884459329989
ENSG00000243224,0.4394827586206893,0.8386996336996336,0.6000456383038033
ENSG00000243648,0.8659957627118644,0.9878952122854562,0.7826923725036455
ENSG00000243709,0.29545454545454536,0.728973607038123,0.5805102131483612
ENSG00000244349,0.7853865652724968,0.9397690531177829,0.7611947644067086
ENSG00000245248,0.29545454545454536,0.6343455497382202,0.49213472385313284
ENSG00000246898,0.983151718357083,0.992320067739204,0.987656107373038
ENSG00000248690,0.289274193548387,0.5628070175438596,0.5371232960657534
ENSG00000248787,0.2467204301075265,0.7137133550488599,0.6050758950640591
ENSG00000248791,0.3409570957095709,0.7383456790123455,0.5821745906550594
ENSG00000249363,0.6714263322884014,0.9354853801169589,0.6082686403456016
ENSG00000249395,0.9721720613287904,0.9818303145853193,0.9836709673576335
ENSG00000249628,0.2852136752136747,0.7224471299093654,0.6570842372791776
ENSG00000249753,0.7727037516170764,0.9780713596914175,0.9806710487947123
ENSG00000249850,0.9461081081081082,0.9780713596914175,0.8229021830436363
ENSG00000250282,0.2284246575342466,0.6714009661835743,0.22458403547050865
ENSG00000250444,0.5832181818181816,0.9161338797814208,0.7317532234709476
ENSG00000250722,0.23410256410256286,0.6628499999999994,0.462139190802072
ENSG00000250829,0.19483870967741912,0.2599999999999951,0.05090160144597522
ENSG00000251632,0.6797035881435256,0.8879467084639497,0.6082686403456016
ENSG00000254211,0.3409570957095709,0.7275294117647058,0.5821745906550594
ENSG00000254485,0.7108442503639011,0.9497330367074527,0.8341525219203322
ENSG00000254610,0.3829940119760477,0.7756455142231946,0.4907177663532573
ENSG00000254739,0.4579529411764705,0.8430650684931507,0.7210823728177598
ENSG00000255100,0.9339413382218148,0.9495135746606335,0.9176375622396387
ENSG00000255277,0.23876404494382034,0.6581122448979584,0.43069810490779653
ENSG00000255319,0.31955017301038063,0.7318933333333334,0.5258039388606602
ENSG00000255545,0.48140271493212644,0.840280701754386,0.5821745906550594
ENSG00000256340,0.29545454545454536,0.7318933333333334,0.5672388961131446
ENSG00000256802,0.37341463414634113,0.7322222222222221,0.6930124867362637
ENSG00000257322,0.2053906249999999,0.615141242937853,0.2304076571572688
ENSG00000257512,0.15339285714285572,0.5628070175438596,0.24293038807721726
ENSG00000257913,0.37798798798798783,0.7921075268817201,0.5578516097288398
ENSG00000258130,0.6925633383010432,0.840280701754386,0.7454610810769264
ENSG00000258483,0.15020408163265025,0.5628070175438596,0.2304076571572688
ENSG00000258913,0.6797067901234567,0.9354853801169589,0.6703407909297358
ENSG00000259345,0.23876404494382034,0.6229946524064168,0.37927611868080013
ENSG00000259823,0.6807633587786261,0.8404679376083188,0.9451046827475253
ENSG00000260228,0.7984769038701622,0.9354853801169589,0.8136817888443283
ENSG00000260339,0.78147582697201,0.9780713596914175,0.8270458548982514
ENSG00000260494,0.6807633587786261,0.7224471299093654,0.6071274528506255
ENSG00000260614,0.6011714770797963,0.9273107049608355,0.6295151514670868
ENSG00000260908,0.621328903654485,0.8941704035874439,0.6229622688824787
ENSG00000261242,0.9464330637915543,0.9501999999999999,0.987656107373038
ENSG00000262188,0.18305263157894644,0.5628070175438596,0.25565739823001665
ENSG00000262370,0.2852136752136747,0.7137133550488599,0.6606586987668535
ENSG00000262585,0.6277446102819236,0.9186216216216214,0.669857435013146
ENSG00000263606,0.5868749999999998,0.8200378787878788,0.822462718099945
ENSG00000264808,0.5433943089430896,0.7383456790123455,0.7672171978190201
ENSG00000266200,0.4036797752808984,0.8096399999999999,0.7781572724212924
ENSG00000267383,0.23876404494382034,0.6940178571428568,0.43069810490779653
ENSG00000267530,0.34716612377850165,0.7137133550488599,0.4303549604215034
ENSG00000267698,0.6286371100164203,0.8944230769230769,0.7359402824078268
ENSG00000268324,0.8155168269230768,0.9497330367074527,0.7863650691538467
ENSG00000268366,0.8301648998822144,0.9780713596914175,0.898430423363759
ENSG00000268903,0.8836290322580644,0.8649108589951375,0.8715415143850401
ENSG00000268926,0.19088495575221182,0.609272727272727,0.4213339010007859
ENSG00000269155,0.1710975609756094,0.5850793650793651,0.2153774011180709
ENSG00000269392,0.6714263322884014,0.9161338797814208,0.8156963784023128
ENSG00000270482,0.8207177033492823,0.8452307692307692,0.7253786967924823
ENSG00000271524,0.5441749502982108,0.8521680672268908,0.8458410474118095
ENSG00000271707,0.3130175438596488,0.7321465968586386,0.4213034535570658
ENSG00000271888,0.3625925925925923,0.7392890995260663,0.4348094641160236
ENSG00000272079,0.23876404494382034,0.624840425531915,0.5295258172396587
ENSG00000272088,0.8050371287128713,0.9784874759152216,0.809350303107246
ENSG00000272416,0.6807633587786261,0.9354853801169589,0.5790805717436404
ENSG00000272549,0.17476744186046375,0.5996923076923074,0.3965085042045063
ENSG00000272913,0.8777286742034942,0.992320067739204,0.7830146798737154
ENSG00000273355,0.5648794063079775,0.9161338797814208,0.5641028586907284
ENSG00000273523,0.289274193548387,0.7137133550488599,0.40521801907830285
ENSG00000273542,0.9464330637915543,0.9958003300330033,0.9361754598362196
ENSG00000273628,0.8547528089887642,0.9878604651162791,0.9586157896697289
ENSG00000274001,0.7890000000000001,0.9497330367074527,0.7329490129273752
ENSG00000274080,0.4787755102040813,0.7392890995260663,0.5847782531331117
ENSG00000274173,0.6562279293739967,0.9354853801169589,0.9806710487947123
ENSG00000275025,0.38417647058823523,0.7756455142231946,0.482004231291946
ENSG00000275070,0.5424032586558043,0.8611166666666666,0.5638925162428056
ENSG00000275142,0.9907419620774938,0.7383456790123455,0.9935313914225268
ENSG00000275216,0.9266298342541435,0.992320067739204,0.9618419494002698
ENSG00000275468,0.5900176991150441,0.7901077586206893,0.5947702418363842
ENSG00000275479,0.6932095096582465,0.9497330367074527,0.6694920556589974
ENSG00000275512,0.24489130434782583,0.7137133550488599,0.34698717845474486
ENSG00000275719,0.5911287477954142,0.7322222222222221,0.6624100087585743
ENSG00000276476,0.17902173913043493,0.5628070175438596,0.2990813014687586
ENSG00000277075,0.6375244299674268,0.934236641221374,0.898430423363759
ENSG00000277639,0.9393200362647325,0.9780713596914175,0.8455823820121245
ENSG00000278029,0.9266298342541435,0.9780713596914175,0.9066637998208761
ENSG00000278035,0.7117571428571429,0.8504915254237287,0.7738292538834478
ENSG00000278472,0.857530186608123,0.9878952122854562,0.8439630764252097
ENSG00000278897,0.5149999999999999,0.7318933333333334,0.5620118532218069
ENSG00000279039,0.2874576271186441,0.7224471299093654,0.6624100087585743
ENSG00000279184,0.6011714770797963,0.9161338797814208,0.9146626229052356
ENSG00000279225,0.3537299035369773,0.609272727272727,0.39739868984976856
ENSG00000279881,0.9104976076555024,0.992320067739204,0.8828819818285057
ENSG00000280018,0.7262108262108261,0.914505649717514,0.669857435013146
ENSG00000280079,0.15456140350877,0.5628070175438596,0.25565739823001665
ENSG00000280331,0.29951851851851824,0.6626767676767679,0.4303549604215034
